description,artist,album,format,extra
"USED - The Prowl - Misery 10""",The Prowl,Misery,Vinyl,Black 2003 press vinyl
"Hurricäde – Pariah's Pharos 10""",Hurricäde,Pariah's Pharos,Vinyl,Clear 2011 press vinyl
"Kryptan - Kryptan 10""",Kryptan,Kryptan,Vinyl,Grey w/ Splatter 1st press vinyl
"30,000 Monkies - Starrrrrrrring 10""","30,000 Monkies",Starrrrrrrring,Vinyl,Black 1st press vinyl
"Domain - Embodiment Of Suffering 12""",Domain,Embodiment Of Suffering,Vinyl,Grey w/ Black Swirl 2023 press
"Pvrgatorii - Con La Unas Clavadas 12""",Pvrgatorii,Con La Unas Clavadas,Vinyl,Black 1st press vinyl
"Infernal Death - Demo #1 / A Mirror Blackened 12""",Infernal Death,Demo #1 / A Mirror Blackened,Vinyl,Red/White 2021 press
"Zulu - My People... Hold On / Our Day Will Come 12""",Zulu,My People... Hold On / Our Day Will Come,Vinyl,Color 2023 press vinyl
"Old Man Gloom - Seminar III: Zozobra 12""",Old Man Gloom,Seminar III: Zozobra,Vinyl,Black 2023 press vinyl
"Narzissus – Akt I : Wille / Akt II : Fall 12""",Narzissus,Akt I : Wille / Akt II : Fall,Vinyl,Blue 2024 press vinyl
"Wormed - Metaportal 12"" EP",Wormed,Metaportal,Vinyl,Distributor Exclusive 2023 press
"Vulgar Mephitis - Vulgar Mephitis 12""",Vulgar Mephitis,Vulgar Mephitis,Vinyl,Gold w/ Splatter 2023 press
"Gutless - Mass Extinction 12""",Gutless,Mass Extinction,Vinyl,Clear 2023 press vinyl
"Vanguard - Rage Of Deliverance 12""",Vanguard,Rage Of Deliverance,Vinyl,Clear 2021 press vinyl
"Coltsblood / Un - Split 12""",Coltsblood / Un,Split,Vinyl,Color In Split Color w/ Splatter 2021 press vinyl
"Bedsore / Mortal Incarnation - Split 12""",Bedsore / Mortal Incarnation,Split,Vinyl,Black 2022 press vinyl
"Renounced - Conditioned From Birth 12""",Renounced,Conditioned From Birth,Vinyl,Clear w/ Smoke 2021 press
"USED - Feculent - The Grotesque Arena 12""",Feculent,The Grotesque Arena,Vinyl,Black 2021 press vinyl
"Undergang - De syv stadier af fordærv 12""",Undergang,De syv stadier af fordærv,Vinyl,Black 2023 press vinyl
"Knocked Loose - A Tear In The Fabric Of Life 12""",Knocked Loose,A Tear In The Fabric Of Life,Vinyl,Color 2024 press vinyl
"Hechael / Fit The Bill - Split 12""",Hechael / Fit The Bill,Split,Vinyl,Test Press 2020
"Blood Spore - Fungal Warfare Upon All Life 12""",Blood Spore,Fungal Warfare Upon All Life,Vinyl,Black 2020 press vinyl
"Kommand - The Demos 12""",Kommand,The Demos,Vinyl,Clear w/ Swirl 2021 press
"Ernia - Ernia 12""",Ernia,Ernia,Vinyl,Black 1st press vinyl
"Iætun - Glámur helblár 12""",Iætun,Glámur helblár,Vinyl,Lathe-Cut w/ Bronze Print 2022 press vinyl
"Prison Hell - The Dark Science 12""",Prison Hell,The Dark Science,Vinyl,Black 2023 press vinyl
"Sanction - With Blood Left Uncleansed 12""",Sanction,With Blood Left Uncleansed,Vinyl,Red/White Split 1st press
"Into The Moat - Means By Which The End Is Justified 12""",Into The Moat,Means By Which The End Is Justified,Vinyl,Random 2023 press vinyl
"USED - Isis - Mosquito Control 12""",Isis,Mosquito Control,Vinyl,Black 2018 press vinyl
"Blood Spore / Coagulate / Soul Devourment / Gutvoid – 4 Dimensions Of Auditory Terror 12""",Blood Spore / Coagulate / Soul Devourment / Gutvoid,4 Dimensions Of Auditory Terror,Vinyl,Black 2021 press vinyl
"Coma Regalia - En Sperata 12""",Coma Regalia,En Sperata,Vinyl,Black 2012 press vinyl
"Degraved - Whispered Morbidity 12""",Degraved,Whispered Morbidity,Vinyl,Blue 2023 press vinyl
"Common War – Speak Of The Devil 12"" EP",Common War,Speak Of The Devil,Vinyl,Clear 2019 press vinyl
"Structures - None Of The Above 12""",Structures,None Of The Above,Vinyl,Smoke w/ Splatter 2022 press
"Gatecreeper - An Unexpected Reality 12""",Gatecreeper,An Unexpected Reality,Vinyl,Orange/Pink/Yellow Mix 2021 press
"Intronaut - The Challenger 12"" EP",Intronaut,The Challenger,Vinyl,Black/White Merge 2020 press
"Zous - No Ground To Give 12""",Zous,No Ground To Give,Vinyl,Military Green 1st press vinyl
"Cryptworm - Reeking Gunk Of Abhorrence 12""",Cryptworm,Reeking Gunk of Abhorrence,Vinyl,Blue 2024 press vinyl
"Intronaut - The Challenger 12"" EP",Intronaut,The Challenger,Vinyl,Black In White w/ Black Splatter 2020 press
"Living Gate - Deathlust 12"" EP",Living Gate,Deathlust,Vinyl,Black 2020 press vinyl
"Coltsblood / Un - Split 12""",Coltsblood / Un,Split,Vinyl,Coke Bottle w/ Rainbow Splatter 2021 press vinyl
"Pig Destroyer - 38 Counts Of Battery 12""",Pig Destroyer,38 Counts Of Battery,Vinyl,Red w/ Smoke 2023 press
"Witch Vomit - Abhorrent Rapture 12""",Witch Vomit,Abhorrent Rapture,Vinyl,Gray/Red/Black Merge 1st press vinyl
"Coprolith - Demo 12""",Coprolith,Demo,Vinyl,Black 2024 press vinyl
"Malignant Altar - Retribution Of Jealous Gods 12"" EP",Malignant Altar,Retribution of Jealous Gods,Vinyl,Black 2022 press vinyl
"Dagger Lust - Siege Bondage Adverse To The Godhead 12"" EP",Dagger Lust,Siege Bondage Adverse to the Godhead,Vinyl,Black 1st press vinyl
Cough - Ritual Abuse 2xLP,Cough,Ritual Abuse,Vinyl,Ice w/ Splatter 2024 press
Convulse - World Without God Extended 2xLP,Convulse,World Without God Extended,Vinyl,Green 2022 press vinyl
Mouth Of The Architect - The Ties That Blind 2xLP,Mouth Of The Architect,The Ties That Blind,Vinyl,Color-In-Color 2018 press
USED - Cult Of Luna - The Long Road North 2xLP,Cult Of Luna,The Long Road North,Vinyl,White 2022 press vinyl
Cave In - Heavy Pendulum 2xLP,Cave In,Heavy Pendulum,Vinyl,Red 2022 press vinyl
Solbrud - IIII 2xLP,Solbrud,IIII,Vinyl,Black 2024 press vinyl
Void Of Silence – The Sky Over 2xLP,Void Of Silence,The Sky Over,Vinyl,Black 2018 press vinyl
Yakuza - Sutra 2xLP,Yakuza,Sutra,Vinyl,Gold 2023 press vinyl
Anatomy - Twisting Depths Of Horror 2xLP,Anatomy,Twisting Depths Of Horror,Vinyl,Clear 2021 press vinyl
Cleanteeth ‎– Pushing Rope 2xLP,Cleanteeth ‎,Pushing Rope,Vinyl,Swirl 2014 press vinyl
Pilgrim - Misery Wizard 2xLP,Pilgrim,Misery Wizard,Vinyl,Green w/ Splatter 2020 press vinyl
Yob - Clearing The Path To Ascend 2xLP,Yob,Clearing The Path To Ascend,Vinyl,Gold Nugget 2023 press
BLEMISH - Ayreon - Transitus 2xLP,Ayreon,Transitus,Vinyl,Yellow Marble 1st press vinyl
Yakuza - Sutra 2xLP,Yakuza,Sutra,Vinyl,Black 2023 press vinyl
Santa Sangre - Feast For The New Gods 2xLP,Santa Sangre,Feast For The New Gods,Vinyl,Metallic Gold in Clear w/ Splatter 2022 press vinyl
Leviathan (USA) - Unfailing Fall Into Naught 2xLP,Leviathan,Unfailing Fall Into Naught,Vinyl,Green/Yellow 2021 press vinyl
Sun Worship - Emanations Of Desolation 2xLP,Sun Worship,Emanations Of Desolation,Vinyl,Black 2019 press vinyl
Intronaut - The Direction Of Last Things 2xLP,Intronaut,The Direction Of Last Things,Vinyl,Purple 2022 press vinyl
Rosetta - The Galilean Satellites 2xLP,Rosetta,The Galilean Satellites,Vinyl,Aqua/Mustard 2018 press
Converge & Chelsea Wolfe - Bloodmoon: I 2xLP,Converge & Chelsea Wolfe,Bloodmoon: I,Vinyl,Red/Blue Mix 1st press vinyl
Lesbian - Hallucinogenesis 2xLP,Lesbian,Hallucinogenesis,Vinyl,Orange 2016 press vinyl
Tav - Tav 2xLP,Tav,Tav,Vinyl,Black 1st press vinyl
Wolves In The Throne Room - Primordial Arcana Deluxe 2xLP,Wolves In The Throne Room,Primordial Arcana Deluxe,Vinyl,White/Silver/Green Merge w/ Splatter 1st press vinyl
Northless - Last Bastion Of Cowardice 2xLP,Northless,Last Bastion Of Cowardice,Vinyl,Orange 2017 press vinyl
Converge & Chelsea Wolfe - Bloodmoon: I 2xLP,Converge & Chelsea Wolfe,Bloodmoon: I,Vinyl,Black/Red/Blue Mix 2022 press vinyl
Triple-B Records - America's Hardcore Volume 5 2xLP,Triple-B Records,America's Hardcore Volume 5,Vinyl,Clear/Gold + Clear/Silver Splatter 2021 press
Grief - ...And Man Will Become The Hunted 2xLP,Grief,...And Man Will Become The Hunted,Vinyl,Oxblood 2023 press vinyl
Fulgor - Mystical Black Magic Metal 3xLP,Fulgor,Mystical Black Magic Metal,Vinyl,Black 1st press vinyl
"Process Black - Countdown Failure 7""",Process Black,Countdown Failure,Vinyl,Tri-color 1st press vinyl
"Crowning / Swallows Nest – Split 7""",Crowning / Swallows Nest,Split,Vinyl,Black 2018 press vinyl
"Hides – Hides 7""",Hides,Hides,Vinyl,White 2011 press vinyl (limited/250)
"USED - Countdown To Oblivion - Brain Surgery For Beginners 7""",Countdown To Oblivion,Brain Surgery For Beginners,Vinyl,Black vinyl
"Serpents Of Shiva - Serpents Of Shiva 7""",Serpents Of Shiva,Serpents Of Shiva,Vinyl,Clear/Yellow Split w/ Splatter 1st press vinyl
"Rough Ground - No Hard Feelings 7""",Rough Ground,No Hard Feelings,Vinyl,Black 1st press vinyl
"Bulls Shitt - This Is... Bulls Shitt 7""",Bulls Shitt,This Is... Bulls Shitt,Vinyl,Black 2023 press vinyl
"Coma Regalia / Capacities - Split 7""",Coma Regalia / Capacities,Split,Vinyl,Black 2012 press vinyl
"Systematic Elimination / Death Cult Ritual - Anti-Cult Assassins 7""",Systematic Elimination / Death Cult Ritual,Anti-Cult Assassins,Vinyl,Black 2021 press vinyl
"Phantasmagore - Abominations... 7""",Phantasmagore,Abominations...,Vinyl,Black 1st press vinyl
"King Parrot / Frankenbok – Shit On The Liver / Genetic Lego 7""",King Parrot / Frankenbok,Shit On The Liver / Genetic Lego,Vinyl,Green 2015 press vinyl
"The Wrong Side - Dump Truck Demo 7""",The Wrong Side,Dump Truck Demo,Vinyl,White 2014 press vinyl
"Abrasion - Demonstration 7""",Abrasion,Demonstration,Vinyl,Clear 2020 press vinyl
"Most Precious Blood - Demo 7""",Most Precious Blood,Demo,Vinyl,Color 2023 press vinyl
"USED - Nothing / Integrity - Splitsville 7""",Nothing / Integrity,Splitsville,Vinyl,Neon Magenta 2021 press
"Iwakura / Gas Up Yr Hearse! – Split 7""",Iwakura / Gas Up Yr Hearse!,Split,Vinyl,Clear w/ White & Pink Splatter 2016 press vinyl (limited/100)
"Tired Of Life – Suicide Anthems 7""",Tired Of Life,Suicide Anthems,Vinyl,White & Pink 2013 press vinyl
"Sainte Marie Des Loups - Obéissance... Jusqu'à la mort ! 7""",Sainte Marie Des Loups,Obéissance... Jusqu'à la mort !,Vinyl,Black 2022 press vinyl
"Nex Carnis - Black Eternity 7""",Nex Carnis,Black Eternity,Vinyl,Black 2019 press vinyl
"Throane - Une Balle Dans Le Pied 7""",Throane,Une Balle Dans Le Pied,Vinyl,1st Issue Packaging w/ CD & Silver/Black vinyl
"Exhaustion – Demo 7""",Exhaustion,Demo,Vinyl,Transparent Purple 2014 press vinyl
"Burden - Year Of The Wolf 7""",Burden,Year Of The Wolf,Vinyl,Orange Opaque 1st press
"Atavisma - On The Ruins Of A Fallen Empire 7"" EP",Atavisma,On the Ruins of a Fallen Empire,Vinyl,Black 1st press vinyl
"USED - Last In Line - Crosswalk EP 7""",Last In Line,Crosswalk,Vinyl,Black vinyl
"Rain Of Salvation - A War Outside And Within 7""",Rain Of Salvation,A War Outside And Within,Vinyl,Pink w/ Scarlet Splatter 3rd press vinyl
"USED - Antediluvian – Septentrional Theophany 7""",Antediluvian,Septentrional Theophany,Vinyl,Black 2013 press vinyl
"USED - Prong - Turnover 7""",Prong,Turnover,Vinyl,Green 2014 press vinyl
USED - Fantomă Sânge – The Siren Of Black Lake Cassette,Fantomă Sânge,The Siren Of Black Lake,Cassette,Cassette 2021
Cuff - 2010 / 2015 EP Collection Cassette,Cuff,2010 / 2015 EP Collection,Cassette,Blue Tint Shell 2015 press
Serpesta - Inevitable Demise Cassette,Serpesta,Inevitable Demise,Cassette,Cassette Tape 1st press
USED - Ildskær – Paa Daekket Kalder De Dode Tape,Ildskær,Paa Daekket Kalder De Dode,Cassette,Black Shell 2021
Conduit - Technicolor Ecstasy Tape,Conduit,Technicolor Ecstasy,Cassette,Glitter Shell 2022
Fister – IV Cassette,Fister,IV,Cassette,Silver Shell 2015 press
Mal - Malbum Cassette,Mal,Malbum,Cassette,Cassette 2022
Dream Theater - Distance Over Time Cassette (NESI),Dream Theater,Distance Over Time,Cassette,Blue Shell 2021 press
Cruelty - Grey / Decay Cassette,Cruelty,Grey / Decay,Cassette,Cassette 2024
Hesitate - Ahead Of The Game Cassette,Hesitate,Ahead Of The Game,Cassette,Cassette Tape 2021 press
USED - Sprites Of The Wood – Faeries - I Cassette,Sprites Of The Wood,Faeries - I,Cassette,Cassette 2021
True Name - Atlanta Straight Edge Cassette,True Name,Atlanta Straight Edge,Cassette,White Shell 2024
Unholy Maggot - Process Of Putrefaction Bacteria Cadaver Decomposition Tape,Unholy Maggot,Process Of Putrefaction Bacteria Cadaver Decomposition,Cassette,Cassette 2022 press
USED - Tinnīn – Demo I Cassette,Tinnīn,Demo I,Cassette,Cassette Tape 2021
Disrotted – Demo I Cassette,Disrotted,Demo I,Cassette,Clear Shell 2014
USED - Cult Graves - Strange Customs Cassette,Cult Graves,Strange Customs,Cassette,Cassette Tape 2020
Serpens Noctis – Demo I Cassette,Serpens Noctis,Demo I,Cassette,Cassette 2021
Aeviterne - The Ailing Facade Cassette,Aeviterne,The Ailing Facade,Cassette,Cassette 2022
Rough Hands – Let Me Win Your Hearts And Minds Cassette,Rough Hands,Let Me Win Your Hearts And Minds,Cassette,Pink Shell 2016 press (#003/100)
YOB - Elaborations of Carbon Cassette,Yob,Elaborations Of Carbon,Cassette,Cassette 2023
Extispex / Muzgash – Split Cassette,Extispex / Muzgash,Split,Cassette,Black Shell 2022
Mangle - Deposed & Disposed Cassette,Mangle,Deposed & Disposed,Cassette,Cassette Tape 1st press
Gorguts - Pleiades' Dust Cassette (Gutless Productions),Gorguts,Pleiades' Dust,Cassette,Asia Press 2022
Graven Image - Gods Who Decree Cassette,Graven Image,Gods Who Decree,Cassette,Cassette 2023
Six Paths - Demonstration Cassette,Six Paths,Demonstration,Cassette,Coral Shell 2023
Imbroglio – Declared Self Hatred Cassette,Imbroglio,Declared Self Hatred,Cassette,White Shell 2012 press
Lungor – Världsbärare Cassette,Lungor,Världsbärare,Cassette,Cassette 2021
Kormosh – Demo I Cassette,Kormosh,Demo I,Cassette,Cassette 2021
Point Of Existence - Demo Cassette,Point Of Existence,Demo,Cassette,Clear w/ Gold Shell 2023
Kvadrat - Ψυχική Αποσύνθεση Cassette (Desolate Depths),Kvadrat,Ψυχική Αποσύνθεση,Cassette,White Shell 2022 press
Erotica - The Witch And The Return Of The Fallen Tape,Erotica,The Witch And The Return Of The Fallen,Cassette,Cassette 2024
Simulakra - The Infection Spreads Cassette,Simulakra,The Infection Spreads,Cassette,Cassette 2022
USED - Unsleeping Shadow Of Naught – Into Pale Fire Tape,Unsleeping Shadow Of Naught,Into Pale Fire,Cassette,Black Shell 2023
USED - Malum - Devil's Creation Cassette,Malum,Devil's Creation,Cassette,Cassette Tape 2021
USED - Damghar – Exordiri Cassette,Damghar,Exordiri,Cassette,Red Shell 2020
Negative Frame - Small World Cassette,Negative Frame,Small World,Cassette,Red Shell 2022
Anybody But The Cops – This Machine Sews Patches Cassette,Anybody But The Cops,This Machine Sews Patches,Cassette,Grey Shell 2015 press
Olkoth - At The Eye Of Chaos Tape,Olkoth,At The Eye Of Chaos,Cassette,Red Shell 2023
Gneterswart - Gneterswart Cassette,Gneterswart,Gneterswart,Cassette,Cassette Tape 1st press
Bloodspawn - Demo 2021 Tape,Bloodspawn,Demo 2021,Cassette,Cassette Tape 1st press
Seed Of Cain - The Gracious Misery Cassette,Seed Of Cain,The Gracious Misery,Cassette,B/W Insert w/ Clear Shell 2021
Licentious - Licentious Cassette,Licentious,Licentious,Cassette,Red Shell 2022
Downfall - Behind The Curtain Cassette,Downfall,Behind The Curtain,Cassette,Cassette 2022
Woundvac / Glitterbomb – Split Cassette,Woundvac / Glitterbomb,Split,Cassette,Smokey Tint Shell 2016 press (lim/100)
USED - Mephitic Grave - Into The Atrium Of Inhuman Morbidity Cassette,Mephitic Grave,Into The Atrium Of Inhuman Morbidity,Cassette,Silver Shell 1st press
Abraded - Pathological Primitivism Cassette (ASIAN PRESS),Abraded,Pathological Primitivism,Cassette,Green Shell 2023 (lim/100)
USED - Drelnoch / Pyre Of Black Roses - Split Tape,Drelnoch / Pyre Of Black Roses,Split,Cassette,White Shell 2022 press
Expander - NPBG Re-Cracked v0.1 (x96 CrimeGripper) [S.C.U.M.S.] Cassette,Expander,NPBG Re-Cracked v0.1 (x96 CrimeGripper) [S.C.U.M.S.],Cassette,Orange 2022 press tape
Seance Of - Foul Length Cassette,Seance Of,Foul Length,Cassette,Cassette Tape 1st press
Candy - It's Inside You Cassette,Candy,It's Inside You,Cassette,White Shell 2024
Hechael / Fit The Bill – Split Cassette,Hechael / Fit The Bill,Split,Cassette,White Shell w/ Splatter 2020 press (lim/25)
Psycroptic – As The Kingdom Drowns Cassette,Psycroptic,As The Kingdom Drowns,Cassette,Orange Shell 2018 press (lim/200)
USED - Bullshit Market - Wanda Park Cassette,Bullshit Market,Wanda Park,Cassette,White Shell 2021
Tortured Skull - Motorbreathing Disfrost Fuckin' Armageddon Tape,Tortured Skull,Motorbreathing Disfrost Fuckin' Armageddon,Cassette,Cassette Tape 2022
Fulci - The Morrisound Session Cassette,Fulci,The Morrisound Session,Cassette,Cassette 2024
Erzfeynd / Celestial Sword – Split Cassette,Erzfeynd / Celestial Sword,Split,Cassette,Black Shell 2021 press (SEALED)
USED - Gouffre - 2. Crawling Death Cassette,Gouffre,2. Crawling Death,Cassette,Black Shell 2021
USED - Blutumhang – Moonchants To Eternus Cassette,Blutumhang,Moonchants to Eternus,Cassette,White Shell 2022
Abysmalist - Vile Possession Cassette,Abysmalist,Vile Possession,Cassette,Cassette 2023
Beyond the Grasp of Light - Hell Cassette,Beyond the Grasp of Light,Hell,Cassette,Cassette 2023
Existentia - Calculating Failure Cassette,Existentia,Calculating Failure,Cassette,Cassette Tape 1st press
Phenocryst - Explosions Cassette,Phenocryst,Explosions,Cassette,Cassette Tape 1st press
USED - Gergesenes – Exorcism Of The Gerasene Demoniac Cassette,Gergesenes,Exorcism Of The Gerasene Demoniac,Cassette,Cassette Tape 2021
Loth - 616 Cassette,Loth,616,Cassette,Cassette 2023
Dogmatic - Dogmatic Cassette,Dogmatic,Dogmatic,Cassette,Clear Shell 2023
BLEMISH / USED - Betray - Demo 2010 Cassette,Betray,Demo 2010,Cassette,Clear Shell 2010
Wallowing - Planet Loss Cassette (ASIAN PRESS),Wallowing,Planet Loss,Cassette,Splatter 2019 press (lim/100)
BLEMISH - Verdun – The Cosmic Escape Of Admiral Masuka Cassette,Verdun,The Cosmic Escape Of Admiral Masuka,Cassette,Black Shell 2012 press (#33/99)
USED - Kirous - III Cassette,Kirous,III,Cassette,Red Shell 2021
USED - Repulsory – Repulsory Cassette,Repulsory,Repulsory,Cassette,Cassette Tape 2016
USED - Goifer – Grabschlöfer Cassette,Goifer,Grabschlöfer,Cassette,Bronze Shell 2021 press
Nightmarer - Deformity Adrift Cassette,Nightmarer,Deformity Adrift,Cassette,Glitter Shell 2023
Identify – Demo 2007 Cassette,Identify,Demo 2007,Cassette,White Shell 2007 press
Zous - No Ground To Give Cassette,Zous,No Ground To Give,Cassette,White Shell 2022
Detach The Islands – The Burden To Become Fact Cassette,Detach The Islands,The Burden To Become Fact,Cassette,Red Tint Shell 2019 press
Scrambled Defuncts – Souls Despising The God CD,Scrambled Defuncts,Souls Despising The God,CD,Jewel Case 2009
Friisk - …un torügg bleev blot Sand CD,Friisk,…un torügg bleev blot Sand,CD,CD 2021
Molecular Fragmentation – Recurrence Of Blasphemous Maelstrom CD,Molecular Fragmentation,Recurrence Of Blasphemous Maelstrom,CD,CD 2019
BLEMISH - Kaidan - Fury In The Final Hour CD,Kaidan,Fury In The Final Hour,CD,CD 2018
BLEMISH - Infectious Disease – Savagery CD,Infectious Disease,Savagery,CD,CD 2019
With Locusts & Liars – The Turnaround CD,With Locusts & Liars,The Turnaround,CD,Jewel Case 2015 (SEALED)
Alpha Virus – Trauma Model CD,Alpha Virus,Trauma Model,CD,Jewel Case 2019 (SEALED #17/50)
The People's Temple - Musical Garden CD,The People's Temple,Musical Garden,CD,CD 2014
Neurosis - A Sun That Never Sets CD,Neurosis,A Sun That Never Sets,CD,Jewel Case 2017
USED - Bythos - The Womb Of Zero CD,Bythos,The Womb Of Zero,CD,CD
BLEMISH - One Morning Left – Our Sceneration CD,One Morning Left,Our Sceneration,CD,Digipak 2013
Prophasis – Boundaries CD,Prophasis,Boundaries,CD,Digipak 2014 (SEALED)
BLEMISH / USED - Scars On Broadway – Scars On Broadway CD,Scars On Broadway,Scars On Broadway,CD,Jewel Case 2008
Codeine King – Negative Space CD,Codeine King,Negative Space,CD,Jewel Case 2019 (SEALED #17/40)
Seep - Hymns To The Gore CD,Seep,Hymns To The Gore,CD,CD 2023
Disorder - Disorder CD,Disorder,Disorder,CD,Jewel Case 2018 (#05/40)
Macronympha – The Disintegration Of History CD,Macronympha,The Disintegration Of History,CD,CD 2021
Serpentspire – The Cosmic Throne CD,Serpentspire,The Cosmic Throne,CD,CD 2016 (SEALED)
Forevermore – Integral CD,Forevermore,Integral,CD,CD 2016 (SEALED)
USED - Hand Of Mercy – Resolve CD,Hand Of Mercy,Resolve,CD,CD 2014
Regret - Misery Brigade CD,Regret,Misery Brigade,CD,Jewel Case 2006
Sentenced 2 Die - Parasitic Infection CD,Sentenced 2 Die,Parasitic Infection,CD,CD 2023
BLEMISH - Das Oath – Das Oath CD,Das Oath,Das Oath,CD,CD 2006
Writhing Shadows - S/T CD,Writhing Shadows,S/T,CD,CD 2022 press (lim/500)
the.daisy.anthesis. – Surface And The Sky CD,the.daisy.anthesis.,Surface And The Sky,CD,CD 2010
Excommunicatio - Kodex Luzifer CD,Excommunicatio,Kodex Luzifer,CD,CD 2023
Ild - Kvern CD,Ild,Kvern,CD,CD 2023
Imbroglio – Sleep Deprivation CD,Imbroglio,Sleep Deprivation,CD,CD 2011
Helge - Neuroplasticity CD,Helge,Neuroplasticity,CD,CD 2022
"USED - Hayaino Daisuki – The Invincible Gate Mind Of The Infernal Fire Hell, Or Did You Mean Hawaii Daisuki? CD",Hayaino Daisuki,"The Invincible Gate Mind Of The Infernal Fire Hell, Or Did You Mean Hawaii Daisuki? C",CD,CD 2010 w/ Hard Case
Ossuary Anex – Awakening CD,Ossuary Anex,Awakening,CD,Jewel Case 2012
Coffins - Sinister Oath CD,Coffins,Sinister Oath,CD,Jewel Case 2024
USED - Negative Or Nothing – Drowned CD,Negative Or Nothing,Drowned,CD,CD 2020
Writhing - Of Earth & Flesh CD,Writhing,Of Earth & Flesh,CD,CD 2022
Ernte - Geist Und Hexerei CD,Ernte,Geist Und Hexerei,CD,CD 2021
Now Denial - Facemelter CD,Now Denial,Facemelter,CD,CD 2008
Golden Cannibal - Golden Cannibal CD,Golden Cannibal,Golden Cannibal,CD,CD 2023
Ledge – Cold Hard Concrete CD,Ledge,Cold Hard Concrete,CD,Jewel Case 2017 (SEALED)
Left To Drown – Left To Drown CD,Left To Drown,Left To Drown,CD,Digipak 2018 (SEALED #80/100)
Wode - Wode CD,Wode,Wode,CD,CD 2016
USED - Organectomy - Domain Of The Wretched CD,Organectomy,Domain Of The Wretched,CD,Jewel Case 2017
Living Weapon - Paradise CD,Living Weapon,Paradise,CD,CD 2022
USED - The Boils / Last Target – Nobility & Nihilism CD,The Boils / Last Target,Nobility & Nihilism,CD,Jewel Case 2003
Lord Gore - Scalpels For Blind Surgeons CD,Lord Gore,Scalpels For Blind Surgeons,CD,CD 2021
BLEMISH - The Room Colored Charlatan ‎– Primitives CD,The Room Colored Charlatan,Primitives,CD,Jewel Case 2014
BLEMISH / USED - Masachist – Scorned CD,Masachist,Scorned,CD,Jewel Case 2012
Gutvoid - Astral Bestiary CD,Gutvoid,Astral Bestiary,CD,Jewel Case 2020
Borderlines – Child Of Dark CD,Borderlines,Child Of Dark,CD,Jewel Case 2016
Full Of Hell - Coagulated Bliss CD,Full Of Hell,Coagulated Bliss,CD,Jewel Case 2024
Construct Of Lethe - Corpsegod CD,Construct Of Lethe,Corpsegod,CD,CD 2020
Ultha - Forget Everything And Remember - The Lost And Obscure 2xCD,Ultha,Forget Everything And Remember - The Lost And Obscure 2xCD,CD,CD 2022
USED - Lehnen – This Could Be Our Dream Home CD,Lehnen,This Could Be Our Dream Home,CD,CD 2008
Da Crown – Family First CD,Da Crown,Family First,CD,CD 2013
Revocation - Teratogenesis CD,Revocation,Teratogenesis,CD,Jewel Case 2024
Void Witch - Void Witch CD,Void Witch,Void Witch,CD,CD 2022
Like Rats - II CD,Like Rats,II,CD,CD 2016
Białywilk - Zmora CD,Białywilk,Zmora,CD,CD 2023
Dying Fetus - War Of Attrition CD,Dying Fetus,War Of Attrition,CD,Jewel Case 2021
TR3Y 5IVE - Another Day Another Beatdown / $omething 2 Mo$h About CD,TR3Y 5IVE,Another Day Another Beatdown / $omething 2 Mo$h About,CD,Digipak 2021
USED - Lux Ferre ‎– Excaecatio Lux Veritatis CD,Lux Ferre ‎,Excaecatio Lux Veritatis,CD,CD 2015
Scitalis - Awakening CD,Scitalis,Awakening,CD,CD 2021
Queensway - Swift Minds Of The Darkside CD,Queensway,Swift Minds Of The Darkside,CD,Digipak 2017
Morbid Visionz - Cycle Of Cessation CD,Morbid Visionz,Cycle Of Cessation,CD,CD 2022
The Order Of Elijah – Accession CD,The Order Of Elijah,Accession,CD,Jewel Case 2012 (SEALED)
Aleska – Aleska CD,Aleska,Aleska,CD,Digipak 2016 (SEALED)
Author & Punisher - Women & Children CD,Author & Punisher,Women & Children,CD,Jewel Case 2024
Ænigmatum - Deconsecrate CD,Ænigmatum,Deconsecrate,CD,CD 2021
USED - Blessed Sacrifist – Loss Of Innocence CD,Blessed Sacrifist,Loss Of Innocence,CD,Digipak 2021 (SEALED)
Black September - Demo CDr,Black September,Demo,CD,Black Print CD 2007 (num/96)
Maze Of Sothoth - Extirpated Light CD,Maze Of Sothoth,Extirpated Light,CD,CD 2023
Exhibit - Medal Of Honor CD,Exhibit,Medal Of Honor,CD,Jewel Case 2024
Wineville – Mind Of A Dead Man CD,Wineville,Mind Of A Dead Man,CD,Jewel Case 2016 (#9/100)
Assumption - Hadean Tides CD,Assumption,Hadean Tides,CD,CD 2022
Dealey Plaza – Dealey Plaza CD,Dealey Plaza,Dealey Plaza,CD,CD 2016
Kold - Intet Mere Er CD,Kold,Intet Mere Er,CD,CD 2023
Solbrud – Vemod CD,Solbrud,Vemod,CD,CD 2017
Exile Into Suffery – Substitutional Race Of Tomorrow CD,Exile Into Suffery,Substitutional Race Of Tomorrow,CD,Digipak 2015 (SEALED)
Silenus - The Garden Is Burning CD,Silenus,The Garden Is Burning,CD,CD 2021 press
Abrasion - Born To Be Betrayed CD,Abrasion,Born To Be Betrayed,CD,CD 2022
Infested - 1000 Doors CD,Infested,1000 Doors,CD,CD 2009
Wayfarer - A Romance With Violence CD,Wayfarer,A Romance With Violence,CD,Digipak 2020
Eternium – Repelling A Solar Giant CD,Eternium,Repelling A Solar Giant,CD,CD 2013
USED - Merlot – Insipid Emaciation CD,Merlot,Insipid Emaciation,CD,CD 2008
BLEMISH - Dirt Church – Scum Prophets CD,Dirt Church,Scum Prophets,CD,Wax Sealed Sleeve 2013
Oxalate / Perpetuated / Blood Spore / Vivisect - Split CD,Oxalate / Perpetuated / Blood Spore / Vivisect,Split,CD,Jewel Case 2020
USED - Cariosus - Crime & Punishment CD,Cariosus,Crime & Punishment,CD,CD 2015
All Out War - Truth In The Age Of Lies CD,All Out War,Truth In The Age Of Lies,CD,Digipak 2012
Thieves - No Motive CD,Thieves,No Motive,CD,CD 2016
Serocs - Vore CD,Serocs,Vore,CD,CD 2020
Loaded For Bear / Bizarre X - Split CD,Loaded For Bear / Bizarre X,Split,CD,CD 2007 (SEALED)
Suntouch House - Demonstration CD,Suntouch House,Demonstration,CD,CD 2022
Suffocation - Souls To Deny CD,Suffocation,Souls To Deny,CD,Jewel Case 2020
USED - Consummation - The Great Solar Hunter CD,Consummation,The Great Solar Hunter,CD,CD 2019 w/ Slipcase
YOB - Elaborations Of Carbon CD,Yob,Elaborations Of Carbon,CD,Jewel Case 2023
Udånde – Life Of A Purist CD,Udånde,Life Of A Purist,CD,CD 2021
Ashbringer – Yūgen CD,Ashbringer,Yūgen,CD,Jewel Case 2016
Pit Lord - Gallery Of Skewered Swine CD,Pit Lord,Gallery Of Skewered Swine,CD,CD 2022
Pig Destroyer - Terrifyer CD,Pig Destroyer,Terrifyer,CD,Jewel Case 2022
Witness Chamber - True Delusion CD,Witness Chamber,True Delusion,CD,Jewel Case 2023
Abreact – Entities CD,Abreact,Entities,CD,CD 2012 (SEALED)
BLEMISH / USED - Khanate – Khanate CD,Khanate,Khanate,CD,Jewel Case 2001
Hail The Artilect - Hail The Artilect CD,Hail The Artilect,Hail The Artilect,CD,Digipak 2013
Afsky - sorg CD,Afsky,sorg,CD,CD 2023
Bound In Fear - The Hand Of Violence CD,Bound In Fear,The Hand Of Violence,CD,Digipak 2019 (SEALED)
Tehom – The Merciless Light CD,Tehom,The Merciless Light,CD,Jewel Case 2017
Sunken - Departure CD,Sunken,Departure,CD,CD 2021
God Forbid - Earthsblood CD,God Forbid,Earthsblood,CD,CD 2009 (SEALED)
Confusion - Storm The Walls CD,Confusion,Storm The Walls,CD,CD 2023
Piece Of Mind - Unfulfilled EP,Piece Of Mind,Unfulfilled,Vinyl,Yellow 2020 press vinyl
Whispers - Narok Bon Din EP,Whispers,Narok Bon Din,Vinyl,Red Marble 2nd press vinyl
Leechfeast - Village Creep EP,Leechfeast,Village Creep,Vinyl,Black 1st press vinyl
VoidCeremony - Foul Origins Of Humanity EP,Voidceremony,Foul Origins Of Humanity,Vinyl,Red 2018 press vinyl
Noose Rot - The Creeping Unknown EP,Noose Rot,The Creeping Unknown,Vinyl,Blue 2021 press vinyl
Ernte - Geist Und Hexerei LP,Ernte,Geist Und Hexerei,Vinyl,Black 2022 press vinyl
Black Table – Sentinel LP,Black Table,Sentinel,Vinyl,Black 2013 press vinyl
Yon – Order Of Violence LP,Yon,Order Of Violence,Vinyl,Clear / Black 2021 press vinyl
Białywilk - Zmora LP,Białywilk,Zmora,Vinyl,Black 2023 press vinyl
USED - Issolei – Cilicium LP,Issolei,Cilicium,Vinyl,Purple Smoke 2021 press
Domain - Life's Cold Grasp LP,Domain,Life's Cold Grasp,Vinyl,Yellow w/ Splatter 2024 press
Mansions - Big Bad LP,Mansions,Big Bad,Vinyl,Coke Bottle Clear 1st press vinyl
Executioner's Mask - Despair Anthems LP,Executioner's Mask,Despair Anthems,Vinyl,Black 2020 press vinyl
Abythic - Dominion Of The Wicked LP,Abythic,Dominion Of The Wicked,Vinyl,Black 1st press vinyl
Woe - Legacies Of Frailty LP,Woe,Legacies of Frailty,Vinyl,Black 2023 press vinyl
Iron Lung - White Glove Test LP,Iron Lung,White Glove Test,Vinyl,Blue 2024 press vinyl
Mgła - Exercises In Futility LP,Mgła,Exercises In Futility,Vinyl,Black 2024 press vinyl
USED - Famulus Ab Satanas – Sacred Assembly Beneath Unholy Secrecy LP,Famulus ab Satanas,Sacred Assembly Beneath Unholy Secrecy,Vinyl,Black 2020 press vinyl
Astriferous - The Lower Levels Of Sentience LP,Astriferous,The Lower Levels Of Sentience,Vinyl,Black 1st press vinyl
Hate Force - Hate Force LP,Hate Force,Hate Force,Vinyl,Black/White Merge 2019 press
Judiciary - Flesh + Blood LP,Judiciary,Flesh + Blood,Vinyl,Silver w/ Splatter 2023 press
Wreck And Reference - Want LP,Wreck And Reference,Want,Vinyl,Black 2014 press vinyl
Lyed – The Immolated Earth LP,Lyed,The Immolated Earth,Vinyl,Blue 2017 press vinyl
BLEMISH - Remah - Une Main LP,Remah,Une Main,Vinyl,Black 2021 press vinyl
Controller - Thoughts Of Life Slipping Away LP,Controller,Thoughts Of Life Slipping Away,Vinyl,Blue 2023 press vinyl
Pit Lord - Gallery Of Skewered Swine LP,Pit Lord,Gallery Of Skewered Swine,Vinyl,Black 2022 press vinyl
Anatomia / Undergang - Split LP,Anatomia / Undergang,Split,Vinyl,Black 1st press vinyl
Yashira - Fail To Be LP,Yashira,Fail To Be,Vinyl,White/Pink/Black 2021 press
Wolvhammer - The Obsidian Plains LP,Wolvhammer,The Obsidian Plains,Vinyl,Black 1st press vinyl
Reign / Rulum - The Occult LP,Reign / Rulum,The Occult,Vinyl,Aqua/White Swirl 1st press vinyl
Bedsore - Hypnagogic Hallucinations LP,Bedsore,Hypnagogic Hallucinations,Vinyl,Butterly 2021 press vinyl
Ov Shadows ‎- I Djävulens Avbild LP,Ov Shadows ‎,I Djävulens Avbild,Vinyl,Black 2021 press vinyl
Woven Bones – In And Out And Back Again LP,Woven Bones,In And Out And Back Again,Vinyl,Black 2010 press vinyl
USED - Foo Fighters - But Here We Are LP,Foo Fighters,But Here We Are,Vinyl,Black 2023 press vinyl
Wrathprayer / Force Of Darkness - Wrath Of Darkness LP,Wrathprayer / Force of Darkness,Wrath of Darkness,Vinyl,Green 1st press vinyl
Wayfarer - World's Blood LP,Wayfarer,World's Blood,Vinyl,Yellow w/ Smoke 2021 press
Cryptopsy - And Then You'll Beg LP,Cryptopsy,And Then You'll Beg,Vinyl,Splatter 2021 press vinyl
Convulsing - Errata LP,Convulsing,Errata,Vinyl,Color OBI (##/80) + Clear w/ White/Black Splatter 2024 press
Witch Vomit - Funeral Sanctum LP,Witch Vomit,Funeral Sanctum,Vinyl,Color 2024 press vinyl
BLEMISH - Yith - Passage LP,Yith,Passage,Vinyl,Black 1st press vinyl
Inclination - Unaltered Perspective LP,Inclination,Unaltered Perspective,Vinyl,Orange/Black/White Galaxy 2022 press vinyl
USED - Stand Atlantic – F.E.A.R. LP,Stand Atlantic,F.E.A.R.,Vinyl,Purple/Neon w/ Splatter 2022 press
Inter Arma - Paradise Gallows LP,Inter Arma,Paradise Gallows,Vinyl,Metallic Gold 2nd press vinyl
Apes - Lullabies For Eternal Sleep LP,Apes,Lullabies For Eternal Sleep,Vinyl,Split w/ Splatter 2022 press
Vukari - Divination LP,Vukari,Divination,Vinyl,Clear w/ Black Marble 2nd press vinyl
Tzompantli – Beating The Drums Of Ancestral Force LP,Tzompantli,Beating The Drums Of Ancestral Force,Vinyl,Color 2024 press vinyl
Hessian – Mànégarmr LP,Hessian,Mànégarmr,Vinyl,Black 2013 press vinyl
Ildjarn-Nidhogg - Hardangervidda Part II LP,Ildjarn-Nidhogg,Hardangervidda Part II,Vinyl,Black 2021 press vinyl
Erdve - Vaitojimas LP,Erdve,Vaitojimas,Vinyl,Clear 2018 press vinyl
BLEMISH - The Phantom Carriage – 7-Year Epilogue LP,The Phantom Carriage,7-Year Epilogue,Vinyl,Magenta Translucent w/ Marble 2020 press vinyl (lim/100)
Dream Unending - Tide Turns Eternal LP,Dream Unending,Tide Turns Eternal,Vinyl,Orange Crush 2022 press vinyl
Loather - Eis LP,Loather,Eis,Vinyl,Black 2023 press vinyl
Void Paradigm ‎– Ultime Pulsation | Demain Brûle LP,Void Paradigm ‎,Ultime Pulsation | Demain Brûle,Vinyl,Black 2020 press vinyl
Tzompantli – Tlazcaltiliztli LP,Tzompantli,Tlazcaltiliztli,Vinyl,Black 2022 press vinyl
Anarchos - Invocation Of Moribund Spirits LP,Anarchos,Invocation Of Moribund Spirits,Vinyl,Black 1st press vinyl
Inferno - Paradeigma LP,Inferno,Paradeigma,Vinyl,Red/Black Merge 2nd press vinyl
Knight Of The Round - War Of The Triad LP,Knight Of The Round,War Of The Triad,Vinyl,Brown 2021 press vinyl
Infesticide - Envenoming Wounds LP,Infesticide,Envenoming Wounds,Vinyl,Black 1st press vinyl
Reign / Rulum - The Occult LP,Reign / Rulum,The Occult,Vinyl,Black 1st press vinyl
USED - Azarath - In Extremis LP,Azarath,In Extremis,Vinyl,Black 2017 press vinyl
Death - Leprosy LP,Death,Leprosy,Vinyl,Black 2023 press vinyl
Hadit - With Joy and Ardour Through the Incommensurable Path LP,Hadit,With Joy and Ardour Through the Incommensurable Path,Vinyl,Black 2021 press vinyl
Whoresnation - Dearth LP,Whoresnation,Dearth,Vinyl,Black 2022 press vinyl
Sophist - Dissolution LP,Sophist,Dissolution,Vinyl,Black 1st press vinyl
The Hirsch Effekt - Holon : Hiberno LP,The Hirsch Effekt,Holon : Hiberno,Vinyl,Black 2011 press vinyl
Ekranoplan – Demo LP,Ekranoplan,Demo,Vinyl,White w/ Splatter 2015 press vinyl (#082/103)
Excarnated Entity - Stillborn In Ash LP,Excarnated Entity,Stillborn In Ash,Vinyl,Grey 1st press vinyl
Flesher - Tales Of Grotesque Demise LP,Flesher,Tales Of Grotesque Demise,Vinyl,Red 2023 press vinyl
Sainte Marie Des Loups - Funérailles De Feu LP,Sainte Marie Des Loups,Funérailles De Feu,Vinyl,Black 2nd press vinyl
USED - Spire - Temple Of Khronos LP,Spire,Temple Of Khronos,Vinyl,Black 2021 press vinyl
USED - Faceless Burial - Speciation LP,Faceless Burial,Speciation,Vinyl,Blue-In-Clear 2020 press
USED - Ceremony Of Silence - Oútis LP,Ceremony Of Silence,Oútis,Vinyl,Random Mixed 2019 press
Exhumed - Necrocracy LP,Exhumed,Necrocracy,Vinyl,Red w/ Splatter 2024 press
Luctus - Užribis LP,Luctus,Užribis,Vinyl,Black 1st press vinyl
Tempest - Tempest LP,Tempest,Tempest,Vinyl,Black 2016 press vinyl
Home Invasion - Enemy LP,Home Invasion,Enemy,Vinyl,Color 2024 press vinyl
Realm Of Torment - Ytene's Collapse LP,Realm Of Torment,Ytene's Collapse,Vinyl,"""Overturn"" Alt Cover w/ Blue 2022 press vinyl"
Age Of Apocalypse - Grim Wisdom LP,Age Of Apocalypse,Grim Wisdom,Vinyl,Green/Clear Split w/ Blob & Splatter 2022 press
Vacivus - Temple Of The Abyss LP,Vacivus,Temple Of The Abyss,Vinyl,Black 2017 press vinyl
Sepulchral Whore – Everlasting Morbid Delights LP,Sepulchral Whore,Everlasting Morbid Delights,Vinyl,Red w/ Swirl 2017 press
Prosanctus Inferi - Red Streams Of Flesh LP,Prosanctus Inferi,Red Streams Of Flesh,Vinyl,Red 1st press vinyl
Last Gasp - The Storied Weight Of It All LP,Last Gasp,The Storied Weight Of It All,Vinyl,Red w/ Black silk-screen 1st press vinyl
Blood In Blood Out - No One Conquers Who Doesn't Fight LP,Blood In Blood Out,No One Conquers Who Doesn't Fight,Vinyl,Merge 2022 press vinyl
BLEMISH - MNRV - Gorod Zero LP,MNRV,Gorod Zero,Vinyl,Clear w/ Splatter 2016 press
Downfall - Behind The Curtain LP,Downfall,Behind The Curtain,Vinyl,Orange w/ Black Splatter 2022 press vinyl
Choir - Songs For A Tarnished World LP,Choir,Songs For A Tarnished World,Vinyl,Clear 2022 press (lim/108)
Portrayal Of Guilt - Christfucker LP,Portrayal Of Guilt,Christfucker,Vinyl,Red w/ Black Splatter 2021 press
Choir - Songs For A Tarnished World LP,Choir,Songs For A Tarnished World,Vinyl,Splatter 2022 press (lim/136)
Naxen - Towards The Tomb Of Times LP,Naxen,Towards The Tomb Of Times,Vinyl,Clear 2022 press vinyl
USED - Goregäng – Neon Graves LP,Goregäng,Neon Graves,Vinyl,Black 2019 press vinyl
Vamachara - No Roses On My Grave LP,Vamachara,No Roses On My Grave,Vinyl,Purple/Grey/Green w/ Splatter 2023 press
One King Down - Bloodlust Revenge LP,One King Down,Bloodlust Revenge,Vinyl,Color 2023 press vinyl
Hangman - One By One LP,Hangman,One By One,Vinyl,Purple 2019 press vinyl
Aristarchos - Aristarchos LP,Aristarchos,Aristarchos,Vinyl,Black 1st press vinyl
Deiquisitor / Phrenelith / Taphos / Undergang - Tetralogy Of Death LP,Deiquisitor / Phrenelith / Taphos / Undergang,Tetralogy Of Death,Vinyl,Black 2022 press vinyl
Dead Empires – Designed to Disappear LP,Dead Empires,Designed to Disappear,Vinyl,Gold/Haze 2018 press
Bain De Sang – Sacrificed For A Load Of Filth And Lies LP,Bain De Sang,Sacrificed For A Load Of Filth And Lies,Vinyl,Black Silkscreen 2020 press vinyl (lim/400)
Kommand - Death Age LP,Kommand,Death Age,Vinyl,Color 2023 press
Antropofagus - Methods Of Resurrection Through Evisceration LP,Antropofagus,Methods Of Resurrection Through Evisceration,Vinyl,Black 1st press vinyl
Burning Strong - Here Until The End LP,Burning Strong,Here Until The End,Vinyl,Grey 2023 press vinyl
Ildjarn-Nidhogg - Hardangervidda Part II LP,Ildjarn-Nidhogg,Hardangervidda Part II,Vinyl,Blue 2021 press vinyl
So Is The Tongue – A Child of Divorce LP,So Is The Tongue,A Child of Divorce,Vinyl,Black 2012 press vinyl (lim/300)
Glemt / Unholy Vampyric Slaughter Sect / Crucifixion Bell / Celestial Sword – What Sin Hath Twisted LP,Glemt / Unholy Vampyric Slaughter Sect / Crucifixion Bell / Celestial Sword,What Sin Hath Twisted,Vinyl,Black 2022 press vinyl
Ilsa - Preyer LP,Ilsa,Preyer,Vinyl,Blood Red 1st press vinyl
Jarhead Fertilizer - Carceral Warfare LP,Jarhead Fertilizer,Carceral Warfare,Vinyl,Red/Black Galaxy 2024 press
Aversio Humanitatis - Behold The Silent Dwellers LP,Aversio Humanitatis,Behold The Silent Dwellers,Vinyl,Grey w/ Black Splatter 2021 press
Seher – Nachzehrer LP,Seher,Nachzehrer,Vinyl,Black 2016 press vinyl
Zan - Behold The Key LP,Zan,Behold The Key,Vinyl,Black 2020 press vinyl
Obscura - Diluvium LP,Obscura,Diluvium,Vinyl,Merge w/ Splatter 2023 press
Сивый Яр (Sivyj Yar) - Золотые Нити (Golden Threads) LP,Сивый Яр (Sivyj Yar),Золотые Нити (Golden Threads),Vinyl,Color 2022 press vinyl
Disfear - Soul Scars LP,Disfear,Soul Scars,Vinyl,Black 2020 press vinyl
USED - Werewolves - From The Cave To The Grave LP,Werewolves,From The Cave To The Grave,Vinyl,Silver w/ Splatter 2022 press vinyl
Cult Of Luna - The Raging River LP,Cult Of Luna,The Raging River,Vinyl,Red w/ Gold Splatter 1st press vinyl
Feral  – Doomwalk LP,Feral,Doomwalk,Vinyl,Green 2016 press vinyl (lim/100)
Undergang - Aldrig I Livet LP,Undergang,Aldrig i livet,Vinyl,Black 2nd press vinyl
The Ghost Inside - The Ghost Inside LP,The Ghost Inside,The Ghost Inside,Vinyl,Opaque Magenta 1st press vinyl
BLEMISH - With Honor - Heart Means Everything LP,With Honor,Heart Means Everything,Vinyl,Aqua / Bone & Gold A/B Side 2021 press vinyl
Incendiary - Cost Of Living LP,Incendiary,Cost Of Living,Vinyl,Red/Gold Mix 2021 press
USED - Appalachian Terror Unit - Greenwashing LP,Appalachian Terror Unit,Greenwashing,Vinyl,Green 2008 press vinyl
USED - Svarttjern – Dødsskrik LP,Svarttjern,Dødsskrik,Vinyl,Black 2016 press vinyl
Terror Bird – Secret Rituals LP,Terror Bird,Secret Rituals,Vinyl,Black w/ Black Labels 2012 press vinyl
Our Place Of Worship Is Silence - With Inexorable Suffering LP,Our Place Of Worship Is Silence,With Inexorable Suffering,Vinyl,Black 2018 press vinyl
Durazis - Demo 2020 LP,Durazis,Demo 2020,Vinyl,Black 1st press vinyl
Mutilation Rites - Devoid LP,Mutilation Rites,Devoid,Vinyl,Black-In-Clear 2013 press
BLEMISH - Second Arrows - Second Arrows LP,Second Arrows,Second Arrows,Vinyl,Orange 1st press vinyl
Nails - Abandon All Life LP,Nails,Abandon All Life,Vinyl,Black 2021 press vinyl
BLEMISH - Breathe Knives / Kataplexis - Split LP,Breathe Knives / Kataplexis,Split,Vinyl,Pink 2011 press vinyl
Internal Rot - Grieving Birth LP,Internal Rot,Grieving Birth,Vinyl,Neon Pink 2022 press
Fallbrawl – Darkness LP,Fallbrawl,Darkness,Vinyl,Clear w/ Red/Black Splatter 2019 press vinyl (lim/150)
I Shot The Duck Hunt Dog – Epic Fail / Ninstrumentalism LP,I Shot The Duck Hunt Dog,Epic Fail / Ninstrumentalism,Vinyl,Cyan Blue 2023 press
Sulphurous - The Black Mouth Of Sepulchre LP,Sulphurous,The Black Mouth Of Sepulchre,Vinyl,Black 1st press vinyl
Odious Mortem ‎– Synesthesia LP,Odious Mortem ‎,Synesthesia,Vinyl,Clear w/ Neon Green Splatter 1st press vinyl
USED - Short Changed - We Will Bury You LP,Short Changed,We Will Bury You,Vinyl,Orange/Green 2012 press
BLEMISH - Le Kraken - Exalt LP,Le Kraken,Exalt,Vinyl,Black 2010 press vinyl
Ilsa - Preyer LP,Ilsa,Preyer,Vinyl,White/Black/Red Merge w/ Splatter 1st press vinyl
Cold Hard Truth - Deliver The Fear LP,Cold Hard Truth,Deliver The Fear,Vinyl,Red 2019 press vinyl
Malist - Karst Relict LP,Malist,Karst Relict,Vinyl,Transparent Turquoise 2021 press vinyl
Ruin Lust - Dissimulant LP,Ruin Lust,Dissimulant,Vinyl,Black/White Galaxy 2023 press
Author & Punisher - Women & Children LP,Author & Punisher,Women & Children,Vinyl,Tri-Color w/ Splatter 2024 press
Buried Alive - The Death Of Your Perfect World LP,Buried Alive,The Death Of Your Perfect World,Vinyl,Cloudy Tan 2022 press vinyl
Celestial Sword / Erzfeynd - Split LP,Celestial Sword / Erzfeynd,Split,Vinyl,Black 2022 press vinyl
"Katechon – Man, God, Giant LP (TEST PRESS)",Katechon,"Man, God, Giant",Vinyl,Pink Test Press
Drastus – La Croix De Sang LP,Drastus,La Croix De Sang,Vinyl,Black 2019 press vinyl
Craven Idol - Forked Tongues LP,Craven Idol,Forked Tongues,Vinyl,Red 2021 press vinyl
Temple Nightside - Pillars Of Damnation LP,Temple Nightside,Pillars Of Damnation,Vinyl,Black 1st press vinyl
Nightmarer - Monolith Of Corrosion LP,Nightmarer,Monolith Of Corrosion,Vinyl,Black/Blue Hand-Pour 2022 press
USED - Artificial Brain - Artificial Brain LP,Artificial Brain,Artificial Brain,Vinyl,Black 2022 press vinyl
Disrotted - Cryogenics LP,Disrotted,Cryogenics,Vinyl,Black 2019 press vinyl
To Languish – Sown LP,To Languish,Sown,Vinyl,Purple 2019 press vinyl
Sunami - Sunami LP,Sunami,Sunami,Vinyl,White/Black w/ Splatter 2023 press
Spectral Lore - 11 Days LP,Spectral Lore,11 Days,Vinyl,Black 2023 press vinyl
Light Dweller - Lucid Offering LP,Light Dweller,Lucid Offering,Vinyl,Lucid Red 2022 press vinyl
Monuments Collapse / Bréag Naofa - Split LP,Monuments Collapse / Bréag Naofa,Split,Vinyl,Black 2013 press vinyl
USED - Transcendence - Towards Obscurities Beyond LP,Transcendence,Towards Obscurities Beyond,Vinyl,Green 2020 press vinyl
We Are In Transit - The End Of Noise LP,We Are In Transit,The End Of Noise,Vinyl,"""Funeral"" 2022 press vinyl"
Niboowin - Breathing LP,Niboowin,Breathing,Vinyl,Black 2018 press vinyl
Origin - Abiogenesis - A Coming Into Existence LP,Origin,Abiogenesis - A Coming Into Existence,Vinyl,Black 2019 press vinyl
Inanimate Existence - The Masquerade LP,Inanimate Existence,The Masquerade,Vinyl,"""Masquerade"" 2022 press vinyl"
Miasmatic Necrosis - Apex Profane LP (Euro Press),Miasmatic Necrosis,Apex Profane,Vinyl,Blue 2023 press vinyl
BLEMISH - Suicide Silence - You Can't Stop Me LP,Suicide Silence,You Can't Stop Me,Vinyl,Black 2014 press vinyl
Ildskær - Blod & Jern LP,Ildskær,Blod & Jern,Vinyl,Black 2023 press vinyl
Dawn - Nær solen gar niþer for evogher LP,Dawn,Nær solen gar niþer for evogher,Vinyl,Gold/Oxblood Splatter 2022 press vinyl
Coffins - Beyond The Circular Demise LP,Coffins,Beyond The Circular Demise,Vinyl,Black Ice w/ Splatter 2024 press
Incendiary - Change The Way You Think About Pain LP,Incendiary,Change The Way You Think About Pain,Vinyl,Blue/Clear w/ Splatter 2023 press
Wolvennest - VOID LP,Wolvennest,VOID,Vinyl,Clear 2021 press vinyl
Morbific - Squirm Beyond The Mortal Realm LP,Morbific,Squirm Beyond The Mortal Realm,Vinyl,Black 2023 press vinyl
Every Time I Die - Ex Lives LP,Every Time I Die,Ex Lives,Vinyl,Black 2022 press vinyl
USED - Eighteen Visions – XVIII LP,Eighteen Visions,XVIII,Vinyl,Black/Silver 2017 press vinyl
All Pigs Must Die - Hostage Animal LP,All Pigs Must Die,Hostage Animal,Vinyl,Black 2017 press vinyl
Tomahawk - Tonic Immobility LP,Tomahawk,Tonic Immobility,Vinyl,Black 1st press vinyl
Full Of Hell & Primitive Man - Suffocating Hallucination LP,Full Of Hell & Primitive Man,Suffocating Hallucination,Vinyl,Clear w/ Blue Splatter 2023 press
Unreal City - Cruelty Of Heaven LP,Unreal City,Cruelty Of Heaven,Vinyl,Pinwheel 2020 press vinyl
BLEMISH - Ecocide - Ecocide LP,Ecocide,Ecocide,Vinyl,Black 2011 press vinyl
Worm - Gloomlord LP,Worm,Gloomlord,Vinyl,Green-In-Clear 2023 press
Nous Étions – La Manière Noire LP,Nous Étions,La Manière Noire,Vinyl,Clear/Black Marble 2014 press vinyl
USED - Disnihil - Disnihil LP,Disnihil,Disnihil,Vinyl,Black 2008 press vinyl
Kommand - Terrorscape LP,Kommand,Terrorscape,Vinyl,Green/Black 2020 press
Uthullun - Dirges For The Void LP,Uthullun,Dirges for the Void,Vinyl,Green w/ Smoke 1st press vinyl
Delos – Delos LP,Delos,Delos,Vinyl,Black 2013 press vinyl (lim/520)
Outer Heaven – Realms Of Eternal Decay LP,Outer Heaven,Realms Of Eternal Decay,Vinyl,Stripe w/ Splatter 2023 press
Mansions - Big Bad LP,Mansions,Big Bad,Vinyl,White/Black Split 1st press vinyl
Belore - Journey Through Mountains And Valleys LP,Belore,Journey Through Mountains And Valleys,Vinyl,Gold 2021 press vinyl
Gennem Tågen – Koldt betragtes verden LP,Gennem Tågen,Koldt betragtes verden,Vinyl,Black 2024 press vinyl
Torche - Admission LP,Torche,Admission,Vinyl,Clear w/ Splatter 2021 press
BLEMISH - Kerbdog - On The Turn LP,Kerbdog,On The Turn,Vinyl,Yellow 2020 press vinyl
USED / BLEMISH - Tempest - Tempest LP,Tempest,Tempest,Vinyl,Black 1st press vinyl
Mrtva Vod - Divided In Life LP,Mrtva Vod,Divided in Life,Vinyl,Black 2022 press vinyl
Gorephilia - Severed Monolith LP,Gorephilia,Severed Monolith,Vinyl,Blue 2023 press vinyl
Seventh Circle – Voluntary Torture LP,Seventh Circle,Voluntary Torture,Vinyl,Pink 2017 press vinyl
Infuriate - Infuriate LP,Infuriate,Infuriate,Vinyl,Black 1st press vinyl
I Am Abomination - To Our Forefathers LP,I Am Abomination,To Our Forefathers,Vinyl,White 2020 press vinyl
"BLEMISH - Slowbleed - The Blazing Sun, A Fiery Dawn LP",Slowbleed,"The Blazing Sun, A Fiery Dawn",Vinyl,Red 2022 press vinyl
Wreck & Reference – Black Cassette LP,Wreck & Reference,Black Cassette,Vinyl,White 2011 press vinyl
Lodges – Walking On Hands And Knees LP,Lodges,Walking On Hands And Knees,Vinyl,Black 2013 press vinyl
MH Chaos - MH Chaos LP,MH Chaos,MH Chaos,Vinyl,Black 2021 press vinyl
Keeper – The Space Between Your Teeth LP,Keeper,The Space Between Your Teeth,Vinyl,Clear 2015 press vinyl
Unreal City - Cruelty Of Heaven LP,Unreal City,Cruelty Of Heaven,Vinyl,Pink/White Mix w/ Green Splatter 2020 press
Coalesce - Functioning On Impatience LP,Coalesce,Functioning On Impatience,Vinyl,White w/ Splatter 2024 press
USED - Mefitis - Offscourings LP,Mefitis,Offscourings,Vinyl,Black 2021 press vinyl
Ilsa - Preyer LP,Ilsa,Preyer,Vinyl,Milky Clear w/ Pinwheels & Splatter 2020 press
Exhumed - Gore Metal 25th Anniversary Edition LP,Exhumed,Gore Metal,Vinyl,Neon Green 2023 press
Domovoyd ‎– Oh Sensibility LP,Domovoyd ‎,Oh Sensibility,Vinyl,Black 2013 press vinyl
Snuffed - Lobotomy Dream LP,Snuffed,Lobotomy Dream,Vinyl,White/Black 2024 press
Death Before Dishonor - Unfinished Business LP,Death Before Dishonor,Unfinished Business,Vinyl,Clear w/ Splatter 2019 press
Sunami - Sunami LP,Sunami,Sunami,Vinyl,Clear Blue w/ Yellow Galaxy 2023 press
Disimperium - Grand Insurgence Upon Despotic Altars LP,Disimperium,Grand Insurgence Upon Despotic Altars,Vinyl,Black 2023 press vinyl
USED - Void Rot - Descending Pillars LP,Void Rot,Descending Pillars,Vinyl,Black 2020 press vinyl
Obituary - Slowly We Rot - Live And Rotting LP,Obituary,Slowly We Rot - Live And Rotting,Vinyl,Green 2022 press vinyl
Pustilence – Beliefs Of Dead Stargazers And Soothsayers LP,Pustilence,Beliefs Of Dead Stargazers And Soothsayers,Vinyl,Black 2023 press vinyl
USED - Nekrovault – Totenzug: Festering Peregrination LP,Nekrovault,Totenzug: Festering Peregrination,Vinyl,Purple 2020 press vinyl
Minor Threat - Out Of Step LP,Minor Threat,Out Of Step,Vinyl,White 2023 press vinyl
Fornicus - Hymns Of Dominion LP,Fornicus,Hymns Of Dominion,Vinyl,Transparent Orange/Black Marbled 2021 press vinyl
Tzompantli – Tlazcaltiliztli LP,Tzompantli,Tlazcaltiliztli,Vinyl,Red-In-Clear w/ Splatter 2022 press vinyl
BLEMISH - Gomorrah - Gomorrah LP,Gomorrah,Gomorrah,Vinyl,Clay Mixed 1st press vinyl
Cryptic Brood / Night Hag - Split LP,Cryptic Brood / Night Hag,Split,Vinyl,Black 1st press vinyl
USED - Atriarch – An Unending Pathway LP,Atriarch,An Unending Pathway,Vinyl,Gray/Black Merge 2014 press vinyl
