"Arcanus Tenebrae – Triumphus Atri Sanguinis 12"" LP",Arcanus Tenebrae,Triumphus Atri Sanguinis,Vinyl,
"Khaos Aura – Born of this Fire 12"" LP",Khaos Aura,Born of this Fire,Vinyl,
"Nocturnal Wanderer – The Evernight 12"" LP",Nocturnal Wanderer,The Evernight,Vinyl,
"Adversam – Animadverte 12"" LP",Adversam,Animadverte,Vinyl,
"Inferno Requiem – Primitive Outburst 12"" LP",Inferno Requiem,Primitive Outburst,Vinyl,
"Fiat Noctum – Från Forna Minnen 12"" LP",Fiat Noctum,Från Forna Minnen,Vinyl,
"Schattenthron – Der Alte Thron, Siechend Im Schatten 12"" LP",Schattenthron,"Der alte Thron, siechend im Schatten",Vinyl,
"Movimento D'Avanguardia Ermetico ‎– Stelle Senza Luce 12"" LP",Movimento D'Avanguardia Ermetico,Stelle Senza Luce,Vinyl,
"Herjan – Nightfall of Humanity 12"" LP",Herjan,Nightfall of Humanity,Vinyl,
"Under the Rune of War – Phönix  12"" LP",Under the Rune of War,Phönix,Vinyl,
"Kūka’ilimoku – Pahu O ka Ua 12"" LP",Kūka’ilimoku,Pahu O ka Ua,Vinyl,
"Solemn Imagist – Into the Night that Never Fades 12"" LP",Solemn Imagist,Into the Night That Never Fades,Vinyl,
"Sad – Abandoned and Forgotten 12"" LP",SAD,Abandoned and Forgotten,Vinyl,
"Sad – Enlightened by Darkness 12"" LP",SAD,Enlightened by Darkness,Vinyl,
"Hollows Tower / Moonshrine – Split 12"" LP",Hollows Tower / Moonshrine,Split,Vinyl,
"Lost Horizons – Medieval Might & Destiny 12"" LP",Lost Horizons,Medieval Might & Destiny,Vinyl,
"Nihil Invocation – Crestfallen Stronghold 12"" LP",Nihil Invocation,Crestfallen Stronghold,Vinyl,
"Guerrero Nómada – Cuatro Partes del Mundo 12"" LP",Guerrero Nómada,Cuatro Partes del Mundo,Vinyl,
"Paradox' Mysticism – Unseen Emanations from the Astral Graves 12"" LP",Paradox' Mysticism,Unseen Emanations from the Astral Graves,Vinyl,
"Greve ‎– Föllo Afv Svavel, Lifvet Dimridå 12"" LP",Greve,"Föllo Afv Svavel, Lifvet Dimridå",Vinyl,
Moorgeist ‎– Helcaraxë 2xLP,Moorgeist,Helcaraxë,Vinyl,
"Nightside – Death from the North 12"" LP",Nightside,Death from the North,Vinyl,
"Order of Nosferat – The Absence of Grace 12"" LP",Order of Nosferat,The Absence of Grace,Vinyl,
"Mütiilation – Sorrow Galaxies 12"" LP",Mütiilation,Sorrow Galaxies,Vinyl,
Mütiilation – Vampires of Black Imperial Blood 2xLP,Mütiilation,Vampires Of Black Imperial Blood,Vinyl,
"Geist of Ouachita – Imprisoned in the Graven Wood 12"" LP",Geist of Ouachita,Imprisoned in the Graven Wood,Vinyl,
"Hollow Woods – Like Twisted Bones of Fallen Giants 12"" LP",Hollow Woods,Like Twisted Bones of Fallen Giants,Vinyl,
"Black Cilice – Atavistic Possessions 12"" LP",Black Cilice,Atavistic Possessions,Vinyl,
"Денни́ца (Dennica) – s/t 12"" LP",Денни́ца (Dennica),s/t,Vinyl,
"Mallephyr – Ruins of Inner Composure 12"" LP",Mallephyr,Ruins of Inner Composure,Vinyl,
"Vein – ...Into the Vein 12"" LP",Vein,...Into the Vein,Vinyl,
"Celestial Sword – Nocturnal Divinity 12"" LP",Celestial Sword,Nocturnal Divinity,Vinyl,
"Ildganger – For Hver Tanke Mister Sjælen Atter Farve 12"" LP",Ildganger,For Hver Tanke Mister Sjælen Atter Farve,Vinyl,
"Geheimnisvoll – The Endless Void of Eternal Suffering and Enslavement 12"" LP",Geheimnisvoll,The Endless Void of Eternal Suffering and Enslavement,Vinyl,
"Nitberg – Nagelreid 12"" LP",Nitberg,Nagelreid,Vinyl,
"Vargleide – Лишь Прах, Окалину И Выжженую Землю 12"" LP",Vargleide,"Лишь Прах, Окалину И Выжженую Землю",Vinyl,
"Corpus Christii – Saeculum Domini 12"" LP",Corpus Christii,Saeculum Domini,Vinyl,
Pa Vesh En – Sesyi Rytualistyčnyia CD,Pa Vesh En,Sesyi Rytualistyčnyia,CD,
"Pa Vesh En – Sesyi Rytualistyčnyia 12"" LP",Pa Vesh En,Sesyi Rytualistyčnyia,Vinyl,
"Thy Heart Thine Kingdom – In the Garden of Sommer 12"" LP",Thy Heart Thine Kingdom,In the Garden of Sommer,Vinyl,
"Ceremonial Crypt Desecration / Vampirska – Split 12"" LP",Ceremonial Crypt Desecration / Vampirska,Split,Vinyl,
"Vampirska / Wampyric Rites – The Drowning Void 12"" LP",Vampirska / Wampyric Rites,The Drowning Void,Vinyl,
"Drekavac / Orgy of Carrion – Split 12"" LP",Drekavac / Orgy of Carrion,Split,Vinyl,
"Elemental – Nightburn 12"" LP",Elemental,Nightburn,Vinyl,
"Green Mist / Ahulabrum – Split 12"" LP",Green Mist / Ahulabrum,Split,Vinyl,
"Rhinocervs – 08 12"" LP",Rhinocervs,08,Vinyl,
"Rhinocervs – 16 12"" LP",Rhinocervs,16,Vinyl,
"Voqkrre – Palans in Pestilens 12"" LP",Voqkrre,Palans in Pestilens,Vinyl,
"Candelabrum – Transmutations 12"" LP",Candelabrum,Transmutations,Vinyl,
"Candelabrum – Necrotelepathy 12"" LP",Candelabrum,Necrotelepathy,Vinyl,
"Brume D'Automne – Brume D'Automne 12"" LP",BRUME D'AUTOMNE,Brume D'Automne,Vinyl,
"Μνήμα – Katarama Leips 12"" LP",Μνήμα,Katarama Leips,Vinyl,
"Trhä / Μνήμα – Split 12"" LP",Trhä / Μνήμα,Split,Vinyl,
"Minenwerfer / Kommandant – Split 12"" LP",Minenwerfer / Kommandant,Split,Vinyl,
"Drug Darkness / Vampirska – Split 12"" LP",Drug Darkness / Vampirska,Split,Vinyl,
"Nihil Invocation / Drug Darkness – Split 12"" LP",Nihil Invocation / Drug Darkness,Split,Vinyl,
"Bergrizen – Die Falle 12"" LP",Bergrizen,Die Falle,Vinyl,
"Délétère / Sarkrista – Opus Blasphematum 12"" LP",Délétère / Sarkrista,Opus Blasphematum,Vinyl,
"Dödsrit – Mortal Coil 12"" LP",Dödsrit,Mortal Coil,Vinyl,
"Dödsrit – Nocturnal Will 12"" LP",Dödsrit,Nocturnal Will,Vinyl,
"Dödsrit – s/t 12"" LP",Dödsrit,s/t,Vinyl,
"Verwoed – The Mother 12"" LP",Verwoed,The Mother,Vinyl,
"Carved Cross – Live in Turin 12"" LP",Carved Cross,Live In Turin,Vinyl,
Chevallier Skrog – Peasant Rebellion 12'' LP,Chevallier Skrog,Peasant Rebellion 12'',Vinyl,
"Old Nick – Witch Lymph / Flying Ointment 12"" LP",Old Nick,Witch Lymph / Flying Ointment,Vinyl,
"Old Nick – Haunted Loom!! // The Vanitous Specter 12"" LP",Old Nick,Haunted Loom!! // The Vanitous Specter,Vinyl,
"Discordant Meditation – s/t 12"" LP",Discordant Meditation,s/t,Vinyl,
"Forlorn Aspect – Benthic Orations 12"" LP",Forlorn Aspect,Benthic Orations,Vinyl,
"Karne – Condamnés 12"" LP",Karne,Condamnés,Vinyl,
"Midoran – Symphonic Ritual of Mysterious Times 12"" LP",Midoran,Symphonic Ritual of Mysterious Times,Vinyl,
"Брахмаширас – s/t 12"" LP",Брахмаширас,s/t,Vinyl,
"Astral Tomb of Yearning – Summoning the Impenetrable Night 12"" LP",Astral Tomb of Yearning,Summoning the Impenetrable Night,Vinyl,
"Ahulabrum / Μνήμα – Split 12"" LP",Ahulabrum / Μνήμα,Split,Vinyl,
"Behrosth – Cult of Prophetic Dream 12"" LP",Behrosth,Cult of Prophetic Dream,Vinyl,
"Mummelratz – Kindermord Im Zauberwald 12"" LP",Mummelratz,Kindermord Im Zauberwald,Vinyl,
"Commander Agares – Legions of Descending Twilight 12"" LP (Marble Vinyl)",Commander Agares,Legions of Descending Twilight,Vinyl,
"Lore – Altars of the Precipice Possession 12"" LP",Lore,Altars Of The Precipice Possession,Vinyl,
"Oppressive Descent – Sulfuric Wrath 12"" LP",Oppressive Descent,Sulfuric Wrath,Vinyl,
"Trembling Void / Nightgaunt – Terrifying Vistas of Reality 12"" LP",Trembling Void / Nightgaunt,Terrifying Vistas of Reality,Vinyl,
"Wolftower – Throne of Nightfall's Wrath 12"" LP",Wolftower,Throne of Nightfall's Wrath,Vinyl,
"Ifernach / Victime Quelconque – Vestiges Gaspésiens 12"" LP",Ifernach / Victime Quelconque,Vestiges Gaspésiens,Vinyl,
"Bat Magic / Cape of Bats – Split 12"" LP",Bat Magic / Cape of Bats,Split,Vinyl,
"Vampyric Winter – My Last Vampyric Winter Among These Ruins 12"" LP",Vampyric Winter,My Last Vampyric Winter Among These Ruins,Vinyl,
"Mistmoor – Through Endless Forests 12"" LP",Mistmoor,Through Endless Forests,Vinyl,
"Vrkolak – Carpathian Tyranny Returns 12"" LP",Vrkolak,Carpathian Tyranny Returns,Vinyl,
"Lamp of Murmuur – Chasing the Path of the Hidden Master 12"" LP",Lamp of Murmuur,Chasing The Path Of The Hidden Master,Vinyl,
"Eye of Shepherdess – s/t 12"" LP",Eye of Shepherdess,s/t,Vinyl,
Nitberg – Donner Wetter Donner Wyrd 2xLP,Nitberg,Donner Wetter Donner Wyrd,Vinyl,
"Nitberg – Nitsanger / Волк коня холокоста копыт 12"" LP",Nitberg,Nitsanger / Волк коня холокоста копыт,Vinyl,
"Sovereign – Dimension of Torment 12"" LP",Sovereign,Dimension of Torment,Vinyl,
"Clandestine Blaze / Satanic Warmaster – Split 12"" LP",Clandestine Blaze / Satanic Warmaster,Split,Vinyl,
"Dead Reptile Shrine – N.t.K. 12"" LP",Dead Reptile Shrine,N.t.K.,Vinyl,
"Eerified Catacomb – My Dream of the Skull 12"" LP",Eerified Catacomb,My Dream of the Skull,Vinyl,
"Sigillum Diaboli – s/t 12"" LP",Sigillum Diaboli,s/t,Vinyl,
"Voëmmr – Negras sessões no abismo sul 12"" LP",Voëmmr,Negras sessões no abismo sul,Vinyl,
"Golden Talon – Demo I 12"" LP",Golden Talon,Demo I,Vinyl,
"Arjen – Lice čovjeka koji je rekao Ne 12"" LP",Arjen,Lice čovjeka koji je rekao Ne,Vinyl,
"Dolorosa – Summoning Ancient Bleakness 12"" LP",Dolorosa,Summoning Ancient Bleakness,Vinyl,
"Moonshrine – Hallucinatory Forest Rituals 12"" LP",MOONSHRINE,Hallucinatory Forest Rituals,Vinyl,
"Dune Mear – Crucifix Wound 12"" LP",DUNE MEAR,Crucifix Wound,Vinyl,
"Till – Monument to Man's Frailty 12"" LP",Till,Monument to Man's Frailty,Vinyl,
"Morta – La España Negra 12"" LP",Morta,La España Negra,Vinyl,
"Teufelsberg – Pact mit dem Teufel 12"" LP",Teufelsberg,Pact mit dem Teufel,Vinyl,
"Brume d'Automne – La Grande Noirceur 12"" LP",BRUME D'AUTOMNE,La Grande Noirceur,Vinyl,
"Circle of Ouroborus – Lumi Vaientaa Kysymykse 12"" LP",Circle Of Ouroborus,Lumi Vaientaa Kysymykse,Vinyl,
"Klanen / Μνήμα / Celestial Sword / The Oracle – Split 12"" LP",Klanen / Μνήμα / Celestial Sword / The Oracle,Split,Vinyl,
"Starcave Nebula / Trhä – Split 12"" LP",Starcave Nebula / Trhä,Split,Vinyl,
"Noenum – Heresiarch 12"" LP",Noenum,Heresiarch,Vinyl,
"Celestial Sword / Trhä – Split 12"" LP",Celestial Sword / Trhä,Split,Vinyl,
"Trhä / Acheulean Forests – Split 12"" LP",Trhä / Acheulean Forests,Split,Vinyl,
"Hengestaur – Ånesott 12"" LP",Hengestaur,Ånesott,Vinyl,
"Nahasheol – Serpens Abyssi 12"" LP",Nahasheol,Serpens Abyssi,Vinyl,
"Funeral Fullmoon / Nocturnal Prayer – Disciples of the Moonlight Worship 12""  LP",Funeral Fullmoon / Nocturnal Prayer,Disciples of the Moonlight Worship,Vinyl,
"Gryftigaen – Wurmwaldgaistoz 12"" LP",Gryftigaen,Wurmwaldgaistoz,Vinyl,
"Nightgaunt – Visitant 12"" LP",Nightgaunt,Visitant,Vinyl,
"Pa Vesh En – Catacombs 12"" LP",Pa Vesh En,Catacombs,Vinyl,
"Sanctum Sathanas – Into the Eternal Satanic Damnation 12"" LP",Sanctum Sathanas,Into the Eternal Satanic Damnation,Vinyl,
Collier d'Ombre – Demo I 12” LP,Collier d'Ombre,Demo I 12”,Vinyl,
"Altered Heresy / Spider God – Split 12"" LP",Altered Heresy / Spider God,Split,Vinyl,
"Gloomy Reflections – A New Dawn of Primeval Wisdom 12"" LP",Gloomy Reflections,A New Dawn of Primeval Wisdom,Vinyl,
"Satanic Ritual Glorification – Capra Cathedrali 12"" LP",Satanic Ritual Glorification,Capra Cathedrali,Vinyl,
"Vermeth – Your Ruin... 12"" LP",Vermeth,Your Ruin...,Vinyl,
"Batilda – Emissary to a Feral Nobility 12"" LP",Batilda,Emissary to a Feral Nobility,Vinyl,
"Maeströ Cröque Mört / WW – Split 12"" LP",Maeströ Cröque Mört / WW,Split,Vinyl,
"Condescendance – Chao Wampirii 12"" LP",Condescendance,Chao Wampirii,Vinyl,
"Moon – Caduceus Chalice 12"" LP",Moon,Caduceus Chalice,Vinyl,
"Prieuré – Le Départ 12"" LP",Prieuré,Le Départ,Vinyl,
"Drowning the Light – The Blood of the Ancients 12"" LP",Drowning The Light,The Blood Of The Ancients,Vinyl,
"Drowning the Light / Ghosts of Oceania – Mountain of Malevolence 12"" LP",Drowning the Light / Ghosts of Oceania,Mountain of Malevolence,Vinyl,
"Harvest – Medieval Satanic Poison 12"" LP",Harvest,Medieval Satanic Poison,Vinyl,
"Misotheismus / Trhä – Split 12"" LP",Misotheismus / Trhä,Split,Vinyl,
Klyvr – Beyond the Vale 12” LP,Klyvr,Beyond the Vale 12”,Vinyl,
"Misericorde – Le Loup des Ruines 12"" LP",Misericorde,Le Loup des Ruines,Vinyl,
"Silver Knight – I. Under A Sundar Moon 12"" LP",Silver Knight,I. Under A Sundar Moon,Vinyl,
"Thallid – s/t 12"" LP",Thallid,s/t,Vinyl,
"Black Murder – Feasts 12"" LP",Black Murder,Feasts,Vinyl,
"Gulguhk – ...Et Flotteront les Restes de ce Monde Lugubre 12"" LP",Gulguhk,...Et Flotteront les Restes de ce Monde Lugubre,Vinyl,
"Pyromantyc – By Fire Born From a Burned Womb 12"" LP",Pyromantyc,By Fire Born From a Burned Womb,Vinyl,
"Trest – Sorginak 12"" LP",Trest,Sorginak,Vinyl,
"Valac / Sulfurous Presence – Split 12"" LP",Valac / Sulfurous Presence,Split,Vinyl,
"Unbegotten – Astral Terror 12"" LP",Unbegotten,Astral Terror,Vinyl,
"VzörbrëzV – Staircase of Hell 12"" LP",VzörbrëzV,Staircase of Hell,Vinyl,
"Kvad – Cold & Dark, as Life 12"" LP",Kvad,"Cold & Dark, as Life",Vinyl,
"Solus Grief – With a Last Exhale 12"" LP",Solus Grief,With a Last Exhale,Vinyl,
"Diminishing Spirit / Vampyric Winter – Split 12"" LP",Diminishing Spirit / Vampyric Winter,Split,Vinyl,
"Vampiric Coffin – s/t 12"" LP",Vampiric Coffin,s/t,Vinyl,
"Echushkya – Dust and Ethers 12"" LP",Echushkya,Dust and Ethers,Vinyl,
"Vuajtje – Lost Under the Stygian Shade 12"" LP",Vuajtje,Lost Under the Stygian Shade,Vinyl,
"Cut – Vanquish the Weak 12"" LP",Cut,Vanquish The Weak,Vinyl,
"Mauvet Mauve / Putrid Marsh – Split 12"" LP",Mauvet Mauve / Putrid Marsh,Split,Vinyl,
"Utzalu – The Grobian Fall 12"" LP",Utzalu,The Grobian Fall,Vinyl,
"Werewolf Bloodorder – Rites of Murder and Sacrifice 12"" MLP",Werewolf Bloodorder,Rites of Murder and Sacrifice,Vinyl,
"Werewolf Bloodorder – The Rebirth of the Night and the Fog 12"" LP",Werewolf Bloodorder,The Rebirth of the Night and the Fog,Vinyl,
"Black Door – And the Spirit of Old Whispered Words of Amduat 12"" LP",Black Door,And the Spirit of Old Whispered Words of Amduat,Vinyl,
"Saidan – Onry​ō​: Vengeful Spirits in the Eastern Night 12"" LP",Saidan,Onry​ō​: Vengeful Spirits in the Eastern Night,Vinyl,
"Vrasësimendur – Murder Minded 12"" LP",Vrasësimendur,Murder Minded,Vinyl,
"Inquisition – Incense of Rest 12"" LP",Inquisition,Incense of Rest,Vinyl,
"Arvalastra – Meditation on the Lunar Steppes 12"" LP",Arvalastra,Meditation on the Lunar Steppes,Vinyl,
"Celestial Sword – Fallen from the Astral Temple 12"" LP",Celestial Sword,Fallen from the Astral Temple,Vinyl,
"Hellmoon – Harrowing Domains 12"" LP",Hellmoon,Harrowing Domains,Vinyl,
"Depressive Silence – The Darkened Empires 12"" LP",Depressive Silence,The Darkened Empires,Vinyl,
"Estve – Egyenes Labirintus 12"" LP",Estve,Egyenes Labirintus,Vinyl,
"Gothmog – Medieval Journeys 12"" LP",Gothmog,Medieval Journeys,Vinyl,
"Grógaldr – Disinterred Graves of Saints 12"" LP",Grógaldr,Disinterred Graves of Saints,Vinyl,
Myling – Häxeri 2xLP,Myling,Häxeri,Vinyl,
"Fellmoon – s/t 12"" LP",Fellmoon,s/t,Vinyl,
"Funeral Fullmoon – Unholy Kingdom of Diabolic Emperors 12"" LP",Funeral Fullmoon,Unholy Kingdom of Diabolic Emperors,Vinyl,
"Virulent Specter – Satanic Territorial Moloch 12"" LP",Virulent Specter,Satanic Territorial Moloch,Vinyl,
Wampyric Rites / Moloch – The Serpent Cult of Darkness 12” LP,Wampyric Rites / Moloch,The Serpent Cult of Darkness 12”,Vinyl,
"Bätlick – Manifestations 22' 12"" LP",Bätlick,Manifestations 22',Vinyl,
"Manierisme – Everyone Has Two Sides 12"" LP",Manierisme,Everyone Has Two Sides,Vinyl,
"Manierisme – フローリア 12"" LP",Manierisme,フローリア,Vinyl,
"Vampyric Blood – Nosferatu Darkness... the Loveless Nights in Tavastia 12"" LP",Vampyric Blood,Nosferatu Darkness... the Loveless Nights in Tavastia,Vinyl,
"Vampyric Blood – Watching the Nights Rot in Eternal Melancholy 12"" LP",Vampyric Blood,Watching The Nights Rot In Eternal Melancholy,Vinyl,
"Adati – DCLXVI 12"" LP",Adati,DCLXVI,Vinyl,
"Crystal Cage – Valkyrian Dawn 12"" LP",Crystal Cage,Valkyrian Dawn,Vinyl,
"Spectral Corruption – Requiem 12"" LP",Spectral Corruption,Requiem,Vinyl,
"Varcolaci – Among the Cloud-Graves 12"" LP",Varcolaci – Among the Cloud,Graves,Vinyl,
"Drowning the Light – Through the Noose of Existence 12"" LP",Drowning The Light,Through the Noose of Existence,Vinyl,
Drowning the Light – Of Celtic Blood & Satanic Pride 2xLP,Drowning The Light,Of Celtic Blood & Satanic Pride,Vinyl,
"Harvest – Bend Thy Knee & Present Thy Throat to a Burning Sword of a Dark Age 12"" LP",Harvest,Bend Thy Knee & Present Thy Throat to a Burning Sword of a Dark Age,Vinyl,
"Apparitional Glare – Black Candle Negativity 12"" LP",Apparitional Glare,Black Candle Negativity,Vinyl,
"Atra – Death Coven 12"" LP",Atra,Death Coven,Vinyl,
"Opium Grave – Obliterator 12"" LP",Opium Grave,Obliterator,Vinyl,
"Sanguine Relic – ""I"" Sanguine Relic 12"" LP",Sanguine Relic,"""I"" Sanguine Relic",Vinyl,
"Sanguine Relic – Blood on Old Altars in Remembrance 12"" LP",Sanguine Relic,Blood On Old Altars In Remembrance,Vinyl,
"Sanguine Relic – ""III"" The Vampyre Weeps in Secrecy of the Night 12"" LP",Sanguine Relic,"""III"" The Vampyre Weeps in Secrecy of the Night",Vinyl,
"Celebratum – Kollektiv Sinnssykdom 12"" LP",Celebratum,Kollektiv Sinnssykdom,Vinyl,
"Eternality – Deaþwyrd 12"" LP",Eternality,Deaþwyrd,Vinyl,
Primeval Well – S/T 2xLP,Primeval Well,S/T,Vinyl,
Carved Cross / Broken Spirit – Split CD,Carved Cross / Broken Spirit,Split,CD,
"Ossaert – Bedehuis 12"" LP",Ossaert,Bedehuis,Vinyl,
"Ossaert – Pelgrimsoord 12"" LP",Ossaert,Pelgrimsoord,Vinyl,
"Ordem Satânica – Perpetuum Satanas 12"" LP",Ordem Satânica,Perpetuum Satanas,Vinyl,
"Via Sinistra – Eremita das Trevas 12"" LP",Via Sinistra,Eremita das Trevas,Vinyl,
White Medal – Yorkshire Heathen Black Metal 2xLP,White Medal,Yorkshire Heathen Black Metal,Vinyl,
"Herculean Death – Lost Hierarchy of Dark Twisted Arts 12"" LP",Herculean Death,Lost Hierarchy of Dark Twisted Arts,Vinyl,
"Felvum – Fullmoon Mysticism 12"" LP",Felvum,Fullmoon Mysticism,Vinyl,
"Minenwerfer – Feuerwalze 12"" LP",Minenwerfer,Feuerwalze,Vinyl,
"Sorcier des Glaces – Sous la Lune Noire 12"" LP",Sorcier Des Glaces,Sous la Lune Noire,Vinyl,
"Ulfarr – The Ruins of Human Failure 12"" LP",Ulfarr,The Ruins of Human Failure,Vinyl,
"Altered Heresy / Dakhanavar – Split 12"" LP",Altered Heresy / Dakhanavar,Split,Vinyl,
"Sanctuaire – Echo 3 - Frisson d'éternité 12"" LP",Sanctuaire – Echo 3,Frisson d'éternité,Vinyl,
"Teufel – Mračne Nočne Pripovedke 12"" LP",Teufel,Mračne Nočne Pripovedke,Vinyl,
"Mons Veneris – Untitled 12"" LP",Mons Veneris,Untitled,Vinyl,
"Valac – Leaning Toward Bitter Misery 12"" LP",Valac,Leaning Toward Bitter Misery,Vinyl,
"Fonsadera / Biological Warfare – Split 12"" LP",Fonsadera / Biological Warfare,Split,Vinyl,
"Old Castles / Winterstorm – Everlasting Black Arts in Supreme Darkness 12"" LP",Old Castles / Winterstorm,Everlasting Black Arts in Supreme Darkness,Vinyl,
"Mantiel – Vestiges Engraved in Frozen Mysticism History 12"" LP",Mantiel,Vestiges Engraved in Frozen Mysticism History,Vinyl,
"Mantiel / Wampyric Rites – Ensomhet 12"" LP",Mantiel / Wampyric Rites,Ensomhet,Vinyl,
"Pyreficativm – Oneiron 12"" LP",Pyreficativm,Oneiron,Vinyl,
"Ründgard – Ulvmonddomānen 12"" LP",Ründgard,Ulvmonddomānen,Vinyl,
"Trembling Void – The Burning Question 12"" LP",Trembling Void,The Burning Question,Vinyl,
"Wampyric Rites – Demo II 12"" LP",Wampyric Rites,Demo II,Vinyl,
"Wampyric Rites – Demo IV 12"" LP",Wampyric Rites,Demo IV,Vinyl,
"Wampyric Rites / Funeral Fullmoon – Split 12"" LP",Wampyric Rites / Funeral Fullmoon,Split,Vinyl,
"Kommodus / Valac – Eclipsing Honour & Decay 12"" LP",Kommodus / Valac,Eclipsing Honour & Decay,Vinyl,
"Black Cilice – Summoning the Night 12"" LP",Black Cilice,Summoning the Night,Vinyl,
"Burning Apparition of the Master – Death Invoking Anti Music 12"" LP",Burning Apparition of the Master,Death Invoking Anti Music,Vinyl,
"Mons Veneris – Inversados d'Um Abismo de Podridão 12"" LP",Mons Veneris,Inversados d'Um Abismo de Podridão,Vinyl,
"Wampyric Rites – The Wolves Howl to the Moon 12"" LP",Wampyric Rites,The Wolves Howl to the Moon,Vinyl,
"Dmigor – Poison Emerald Blood Crown 12"" LP",Dmigor,Poison Emerald Blood Crown,Vinyl,
Primeval Well – Talkin' in Tongues with Mountain Spirits 2xLP,Primeval Well,Talkin' in Tongues with Mountain Spirits,Vinyl,
"Arazubak / Nansarunai – Split 12"" LP",Arazubak / Nansarunai,Split,Vinyl,
"Sequestered Keep – Land Beyond Dreams 12"" LP",Sequestered Keep,Land Beyond Dreams,Vinyl,
"Smyrtonos – Ludost i Omraza 12"" LP",Smyrtonos,Ludost i Omraza,Vinyl,
"Wendol / Warwulf – Split 12"" LP",Wendol / Warwulf,Split,Vinyl,
"Funeral Harvest – Redemptio 12"" LP",Funeral Harvest,Redemptio,Vinyl,
"Obskuritatem / Nidernes – Somber Winter Evocations 12"" LP",Obskuritatem / Nidernes,Somber Winter Evocations,Vinyl,
"Klanen – Coerced Into Desolate Eternity 12"" LP",Klanen,Coerced Into Desolate Eternity,Vinyl,
"Absolute Key – The Third Level of Decay 12"" LP",Absolute Key,The Third Level of Decay,Vinyl,
"Armnatt – Immortal Nature 12"" LP",Armnatt,Immortal Nature,Vinyl,
"Irae – Assim na Terra como No Inferno 12"" LP",Irae,Assim na Terra Como no Inferno,Vinyl,
"Vlkoslag – Withered Flesh Left Ragged on the Bones of Existence 12"" LP",Vlkoslag,Withered Flesh Left Ragged on the Bones of Existence,Vinyl,
"Maeströ Cröque Mört – Cuisine & Poésie Noire / Bourreau De Village 12"" LP",Maeströ Cröque Mört,Cuisine & Poésie Noire / Bourreau De Village,Vinyl,
"Maeströ Cröque Mört – Planete Putrefaction 12"" LP",Maeströ Cröque Mört,Planete Putrefaction,Vinyl,
Wóddréa Mylenstede – Raw Rehearsals 2xLP,Wóddréa Mylenstede,Raw Rehearsals,Vinyl,
"Wagner Ödegård – Nattslingor 12"" LP",Wagner Ödegård,Nattslingor,Vinyl,
"Wagner Ödegård – Glømbd I Grifft 12"" LP",Wagner Ödegård,Glømbd I Grifft,Vinyl,
"Wagner Ödegård – Ur Törnedjupen 12"" LP",Wagner Ödegård,Ur Törnedjupen,Vinyl,
"Wagner Ödegård – Øðe 12"" LP",Wagner Ödegård,Øðe,Vinyl,
"Stabat Mater – Treason by Son of Man 12"" LP",Stabat Mater,Treason by Son of Man,Vinyl,
"Warloghe – Three Angled Void 12"" LP",Warloghe,Three Angled Void,Vinyl,
"Nidernes – Beyond the Gleam of Nightsky 12"" LP",Nidernes,Beyond the Gleam of Nightsky,Vinyl,
Obskuritatem – Arogantni Nihilizam 2xLP,Obskuritatem,Arogantni Nihilizam,Vinyl,
"Burying Place – In the Light of Burning Churches 12"" LP",Burying Place,In the Light of Burning Churches,Vinyl,
"Kūka'ilimoku / Aarkanne – Ele'abyssus 12"" LP",Kūka'ilimoku / Aarkanne,Ele'abyssus,Vinyl,
"Opus Magorum – s/t 12"" LP",Opus Magorum,s/t,Vinyl,
"Vampirska / Glemt – By Sanguinarian Will 12"" LP",Vampirska / Glemt,By Sanguinarian Will,Vinyl,
"Gärgäntuäh – Dodenlicht 12"" LP",Gärgäntuäh,Dodenlicht,Vinyl,
"Warped Skull – A Feverish Recollection of Battle 12"" LP",Warped Skull,A Feverish Recollection of Battle,Vinyl,
"Valac – Howls of Infinite Horror 12"" LP",Valac,Howls of Infinite Horror,Vinyl,
"Majesty of the Crimson Moon – The Whispering of the Fullmoon 12"" LP",Majesty of the Crimson Moon,The Whispering of the Fullmoon,Vinyl,
"Paara – Yön olevainen puoli 12"" LP",Paara,Yön Olevainen Puoli,Vinyl,
"Cantique Lépreux – Sectes 12"" LP + CD",Cantique Lépreux,"Sectes 12"" LP +",CD,
"Coldworld – Isolation 12"" LP",Coldworld,Isolation,Vinyl,
"Turia – Degen van Licht 12"" LP",Turia,Degen van Licht,Vinyl,
"Glemt / UVSS / Crucifixion Bell / Celestial Sword – Split 12"" LP",Glemt / UVSS / Crucifixion Bell / Celestial Sword,Split,Vinyl,
"Adaga – Das Ruínas do Ser 12"" LP",Adaga,Das Ruínas do Ser,Vinyl,
"Blutumhang – Moonchants to Eternus 12"" LP",Blutumhang,Moonchants to Eternus,Vinyl,
"Dolentia – O Ressurgimento da Verdade 12"" LP",Dolentia,O Ressurgimento da Verdade,Vinyl,
"Veštac – Bozja Svetlonoso - Honoring the Rotten Blood of the Basilisk 12"" LP",Veštac – Bozja Svetlonoso,Honoring the Rotten Blood of the Basilisk,Vinyl,
"Nidernes – Darkness Cenotaph 12"" LP",Nidernes,Darkness Cenotaph,Vinyl,
"Каландар – Домок о Шести Досок 12"" LP",Каландар,Домок о Шести Досок,Vinyl,
"Крюкокрест / Niteris – Split 12"" LP",Крюкокрест / Niteris,Split,Vinyl,
Black Draugwath – The Draugwath Legacy 2xLP,Black Draugwath,The Draugwath Legacy,Vinyl,
"Black Draugwath – The True Bottomless Armageddon 12"" LP",Black Draugwath,The True Bottomless Armageddon,Vinyl,
Maenad & the Ravers – Sundown 2xLP,Maenad & the Ravers,Sundown,Vinyl,
"Hagmatāna – Dahyu-ka 12"" LP",Hagmatāna – Dahyu,ka,Vinyl,
"Vetëvrakh – Satanic Black Moloch 12"" LP",Vetëvrakh,Satanic Black Moloch,Vinyl,
"Arazubak – The Haunted Spawn of Torment 12"" LP",Arazubak,The Haunted Spawn of Torment,Vinyl,
"Grógaldr / Äkth Gánahëth – Split 12"" LP",Grógaldr / Äkth Gánahëth,Split,Vinyl,
"Carved Cross – Demo IV 12"" LP",Carved Cross,Demo IV,Vinyl,
"Girtablullû – Exorcism in Moonlight 12"" LP",Girtablullû,Exorcism in Moonlight,Vinyl,
"Nigrum Mortem – Consumed by Unholy Mysticism 12"" LP",Nigrum Mortem,Consumed by Unholy Mysticism,Vinyl,
"Thorns of Malice / Moraš – Quivering Silhouettes Beneath the Corrupting Gleam 12"" LP",Thorns of Malice / Moraš,Quivering Silhouettes Beneath the Corrupting Gleam,Vinyl,
"UVSS – Canticle Bound in Spirit the Faith in Exalted Vampyric Blood 12"" LP",UVSS,Canticle Bound in Spirit the Faith in Exalted Vampyric Blood,Vinyl,
"Calling of Phasmic Presence / Μνήμα / Koreltsak / Upir – Split 12"" LP",Calling of Phasmic Presence / Μνήμα / Koreltsak / Upir,Split,Vinyl,
"Μνήμα / Spider God – Split 12"" LP",Μνήμα / Spider God,Split,Vinyl,
"Rotten Moon – No Dawn in This World of Infernal Eclipses 12"" LP",Rotten Moon,No Dawn in This World of Infernal Eclipses,Vinyl,
"Lunar Spells – Medieval Shadows from an Ancient Netherworld 12"" LP",Lunar Spells,Medieval Shadows from an Ancient Netherworld,Vinyl,
"Wampyric Rites / Nansarunai – The Astounding Proliferation of Rites 12"" LP",Wampyric Rites / Nansarunai,The Astounding Proliferation of Rites,Vinyl,
"Mons Veneris / Broken Spirit – Voices: Herald to the Master 12"" LP (Gold Vinyl)",Mons Veneris / Broken Spirit,Voices: Herald to the Master,Vinyl,
"Blackline / Leather Temple – Split 12"" LP",Blackline / Leather Temple,Split,Vinyl,
"Leather Temple – s/t 12"" LP",Leather Temple,s/t,Vinyl,
"Old Castles – Sarcophagical Lament of the Night 12"" LP",Old Castles,Sarcophagical Lament of the Night,Vinyl,
"Ruins of Nimrud – Forgotten Realms Part I 12"" LP",Ruins of Nimrud,Forgotten Realms Part I,Vinyl,
"Ostots – Ezer Ezaren Araztasuna 12"" LP",Ostots,Ezer Ezaren Araztasuna,Vinyl,
"Ostots – Madarikazioa 12"" LP",Ostots,Madarikazioa,Vinyl,
"Ostots – s/t 12"" LP",Ostots,s/t,Vinyl,
"Wagner Ödegård – Om Twenne Kosmos 12"" LP",Wagner Ödegård,Om Twenne Kosmos,Vinyl,
"Wulkanaz – Paúrpura Fræovíbôkôs 12"" LP (Silver Vinyl)",Wulkanaz,Paúrpura Fræovíbôkôs,Vinyl,
"Teurg Oller – Troldfolkets Komme 12"" LP",Teurg Oller,Troldfolkets Komme,Vinyl,
"Eosphoros – II 12"" LP",Eosphoros,II,Vinyl,
"Lythany / Vrkolak – Split 12"" LP",Lythany / Vrkolak,Split,Vinyl,
"Gryftigæn – Fehunðyrdauðr 12"" LP",Gryftigæn,Fehunðyrdauðr,Vinyl,
"Blood Stronghold – Spectres of Bloodshed 12"" LP",Blood Stronghold,Spectres of Bloodshed,Vinyl,
"Blood Stronghold – The Triumph of Wolfish Destiny 12"" LP",Blood Stronghold,The Triumph of Wolfish Destiny,Vinyl,
"Crucifixion Bell / Øksehovud – Benighted in the Luminous Glow of Sin 12"" LP",Crucifixion Bell / Øksehovud,Benighted in the Luminous Glow of Sin,Vinyl,
"Nominon ‎– Daemons 12"" LP",Nominon,Daemons,Vinyl,
"Empyrean Grace – Bestowment of the Seraphic Key 12"" LP",Empyrean Grace,Bestowment of the Seraphic Key,Vinyl,
"Karnilapakte – s/t 12"" LP",Karnilapakte,s/t,Vinyl,
Horna ‎– Kuoleman Kirjo 2xLP,Horna,Kuoleman Kirjo,Vinyl,
"Abigor ‎– Totschläger (A Saintslayer's Songbook) 12"" LP",Abigor,Totschläger (A Saintslayer's Songbook),Vinyl,
"Arna – Dragged to a Lunar Grave 12"" LP",Arna,Dragged To A Lunar Grave,Vinyl,
"Velo Misere – Monomanía del inexorable vacío 12"" LP",Velo Misere,Monomanía del Inexorable Vacío,Vinyl,
"Aarkanne – Mysterii 12"" LP",Aarkanne,Mysterii,Vinyl,
"Wampyric Rites – Demo III 12"" LP",Wampyric Rites,Demo III,Vinyl,
"Occulto Lunae  – Antediluvian Conjuration of the Desolate Moon 12"" LP",Occulto Lunae,Antediluvian Conjuration of the Desolate Moon,Vinyl,
"Morte Incandescente – Vala Comum 12"" LP",Morte Incandescente,Vala Comum,Vinyl,
"Graveland ‎– Hour of Ragnarok 12"" LP",Graveland,Hour of Ragnarok,Vinyl,
"Gärgäntuäh ‎– Urmystyk 12"" LP",Gärgäntuäh,Urmystyk,Vinyl,
"Ahkqueth – Ajaakonigadamang 12"" LP",Ahkqueth,Ajaakonigadamang,Vinyl,
"Pénombre ‎– Méphistophélès (Ou le diable sur terre) 12"" LP",Pénombre,Méphistophélès (ou le diable sur terre),Vinyl,
"Gjaldur / Krypta Nicestwa ‎– Split 12"" LP",Gjaldur / Krypta Nicestwa,Split,Vinyl,
"Night's Majesty – Ceremonial Whispers 12"" LP",Night's Majesty,Ceremonial Whispers,Vinyl,
"Blood Red Fog – Fields of Sorrow 12"" LP",Blood Red Fog,Fields of Sorrow,Vinyl,
"Draconem Crowned – Majesty and Sorrow in the Spirit of Serpent 12"" LP",Draconem Crowned,Majesty and Sorrow in the Spirit of Serpent,Vinyl,
"Ifernach – Skitekmujuia'timk Extended Version 12"" LP",Ifernach,Skitekmujuia'timk Extended Version,Vinyl,
"Mahr – Death Comes Adorned in the Sun 12"" LP",Mahr,Death Comes Adorned in the Sun,Vinyl,
"Antikythaera – Compilatio 12"" LP",Antikythaera,Compilatio,Vinyl,
"Lycanthropy – ...As the Mourners Arise 12"" LP",Lycanthropy,...As the Mourners Arise,Vinyl,
"Murmurio – Wampyric Kimera 12"" LP",Murmurio,Wampyric Kimera,Vinyl,
"Occulto Lunae – Eclipse Rites 12"" LP",Occulto Lunae,Eclipse Rites,Vinyl,
"Armnatt ‎– Eternal Flame 12"" LP",Armnatt,Eternal Flame,Vinyl,
"Ceremonial Crypt Desecration / Forbidden Tomb – Split 12"" LP",Ceremonial Crypt Desecration / Forbidden Tomb,Split,Vinyl,
"Void Prayer ‎– Relics of the Storm 12"" MLP",Void Prayer,Relics of the Storm,Vinyl,
"Svartrit ‎– I 12"" LP",Svartrit,I,Vinyl,
"Svartrit ‎– II 12"" LP",Svartrit,II,Vinyl,
"Svartrit ‎– III 12"" LP",Svartrit,III,Vinyl,
"Lampir – Awaiting the Predatory Dreamscape 12"" LP",Lampir,Awaiting the Predatory Dreamscape,Vinyl,
"Megalith Grave / Nihil Invocation – Malicious Curses Reached in Drowning Night 12"" LP",Megalith Grave / Nihil Invocation,Malicious Curses Reached in Drowning Night,Vinyl,
"Via Sinistra – Silencioso Culto do Abismo 12"" LP",Via Sinistra,Silencioso Culto do Abismo,Vinyl,
"Wulkanaz ‎– HaglaNaudizEisaz 12"" LP",Wulkanaz,HaglaNaudizEisaz,Vinyl,
"Wulkanaz ‎– Kwetwan jah Dreuzaz 12"" LP",Wulkanaz,Kwetwan Jah Dreuzaz,Vinyl,
"Raio Negro ‎– Galactic Portals of the 7 Infernal Suns 12"" LP",Raio Negro,Galactic Portals of the 7 Infernal Suns,Vinyl,
"Dungeon Steel – Bloodlust 10""",Dungeon Steel,Bloodlust,Vinyl,
"Minenwerfer – Ostfront 10""",Minenwerfer,Ostfront,Vinyl,
"Minenwerfer – War God Invocation 10""",Minenwerfer,War God Invocation,Vinyl,
"Grimdor – There and Back Again 10""",Grimdor,There and Back Again,Vinyl,
"Pissmoon / Gharmelicht – Split 7"" EP",Pissmoon / Gharmelicht,Split,Vinyl,
"Weltentod – Schändung Des Heiligen Geistes 7"" EP",Weltentod,Schändung Des Heiligen Geistes,Vinyl,
"Amputaciya Kentawra – Dermo MMXXII 7"" EP",Amputaciya Kentawra,Dermo MMXXII,Vinyl,
"Front Beast – Passage to the Centuries of Old 7"" EP",Front Beast,Passage to the Centuries of Old,Vinyl,
"The True Werwolf / As Sahar – Split 7"" EP",The True Werwolf / As Sahar,Split,Vinyl,
"Obskuritatem – Nekroromantizam 7"" EP",Obskuritatem,Nekroromantizam,Vinyl,
"Funeral Altar – Intoxication of Satan's Tusks 7"" EP",Funeral Altar,Intoxication of Satan's Tusks,Vinyl,
"Saidan – Splatterpunk Gore Machine 7"" EP",Saidan,Splatterpunk Gore Machine,Vinyl,
Black Imperial Blood / Grundhyrde – Split 7’’ EP,Black Imperial Blood / Grundhyrde,Split,Vinyl,
Veštac – Kolo - Dancing Through the Ascetic Fire 7’’ EP,Veštac – Kolo,Dancing Through the Ascetic Fire,Vinyl,
Ghemhamforash – Bloodletting Tape,Ghemhamforash,Bloodletting,Cassette,
Kveldstimer – Scripture of the Woods Tape,Kveldstimer,Scripture of the Woods,Cassette,
Lunar Spells – Demise of Heaven Tape,Lunar Spells,Demise of Heaven,Cassette,
Lunar Spells – Sacraments of Necromantical Empires Tape,Lunar Spells,Sacraments of Necromantical Empires,Cassette,
Desecration Chamber – Grave Cum Summoning Tape,Desecration Chamber,Grave Cum Summoning,Cassette,
Glemt & Calling of Phasmic Presence - Larvae Chewing Into Ice Burnt Carcass Folds Tape,Glemt & Calling of Phasmic Presence,Larvae Chewing Into Ice Burnt Carcass Folds,Cassette,
Ride for Revenge – Wisdom of the Few Tape,Ride For Revenge,Wisdom of the Few,Cassette,
Funeral Poetry – s/t Tape,Funeral Poetry,s/t,Cassette,
Vampirska ‎– Vermilion Apparitions Frozen in Chimera Twilight Tape,Vampirska,Vermilion Apparitions Frozen in Chimera Twilight,Cassette,
Dödsrit – Nocturnal Will Tape,Dödsrit,Nocturnal Will,Cassette,
Erstwhile / Mystic Veil – Triumph in the Fading Light Tape,Erstwhile / Mystic Veil,Triumph in the Fading Light,Cassette,
Mistmoor – Through Endless Forests Tape,Mistmoor,Through Endless Forests,Cassette,
Iätön – Loitsutulet Tape,Iätön,Loitsutulet,Cassette,
Wampyric Rites – The Rites of the Vampire Inscriptions Tape,Wampyric Rites,The Rites of the Vampire Inscriptions,Cassette,
"Mortiga – I, Cursed Tape",Mortiga,"I, Cursed",Cassette,
VzörbrëzV / Injuria – Split Tape,VzörbrëzV / Injuria,Split,Cassette,
Altertum – Thunder From the Great Halls Tape,Altertum,Thunder From the Great Halls,Cassette,
Efermus / Night's Threshold – Split Tape,Efermus / Night's Threshold,Split,Cassette,
Luceran Lycan Haunt – Tomb of the Ancient Wolfgod Tape,Luceran Lycan Haunt,Tomb of the Ancient Wolfgod,Cassette,
Magic Find – A Corpse in Paradise Tape,Magic Find,A Corpse in Paradise,Cassette,
Moongate / Todlicht – Split Tape,Moongate / Todlicht,Split,Cassette,
Diabolical Fullmoon – Resurrection of the Ancient Faith Tape,Diabolical Fullmoon,Resurrection of The Ancient Faith,Cassette,
Midnight Betrothed – Death...My Faithful Bride Tape,Midnight Betrothed,Death...My Faithful Bride,Cassette,
Wampyric Rites / Moloch – Split Tape,Wampyric Rites / Moloch,Split,Cassette,
Borda's Rope / Helm of Saga – Split Tape,Borda's Rope / Helm of Saga,Split,Cassette,
Mons Veneris – Inversados d'Um Abismo de Podridão Tape,Mons Veneris,Inversados d'Um Abismo de Podridão,Cassette,
Dogman – Alcoholic Fury & Madness (Total Death) Tape,Dogman,Alcoholic Fury & Madness (Total Death),Cassette,
Nightgaunt – Visitant Tape,Nightgaunt,Visitant,Cassette,
Solipsism – Cruelty & Necrospection Tape,Solipsism,Cruelty & Necrospection,Cassette,
Vlad Tepes / Belkètre – March To The Black... CD,Vlad Tepes / Belkètre,March To The Black...,CD,
"Aufnorden – From the Sword, The Sun Rose… CD",Aufnorden,"From the Sword, The Sun Rose…",CD,
Häxanu / Greve – Naturmystik CD,Häxanu / Greve,Naturmystik,CD,
Solus Grief / Altertum – I Skyggen mellom liv og død CD,Solus Grief / Altertum,I Skyggen mellom liv og død,CD,
Diabolical Fullmoon – Unholy Rehearsals Maxi Single CD,Diabolical Fullmoon,Unholy Rehearsals Maxi Single,CD,
Vindalf – Under the Banner of the Wolf CD,Vindalf,Under the Banner of the Wolf,CD,
Paradox' Mysticism – Unseen Emanations from the Astral Graves CD,Paradox' Mysticism,Unseen Emanations from the Astral Graves,CD,
Lamp of Murmuur – Saturnian Bloodstorm CD,Lamp of Murmuur,Saturnian Bloodstorm,CD,
Nitberg / Волкотень – Hammer Härte CD,Nitberg / Волкотень,Hammer Härte,CD,
Versteck – Symbols of Seven Harmonies CD,Versteck,Symbols of Seven Harmonies,CD,
Behrosth – Witchcraft Autocracy CD,Behrosth,Witchcraft Autocracy,CD,
Grausamkeit – Helvetrich CD,Grausamkeit,Helvetrich,CD,
Celestial Sword – Nocturnal Divinity CD,Celestial Sword,Nocturnal Divinity,CD,
Grave Pilgrim – Molten Hands Reach West CD,GRAVE PILGRIM,Molten Hands Reach West,CD,
Ilat Marhu – Incipit Akkadian CD,Ilat Marhu,Incipit Akkadian,CD,
Trijumf – Trijumf Ili Smrt Trijumf CD,Trijumf,Trijumf Ili Smrt Trijumf,CD,
Solar Cross – To the Ever Gleaming Pinnacle of Timeless Mastery CD,Solar Cross,To The Ever Gleaming Pinnacle Of Timeless Mastery,CD,
Véu Negro – Antigos Rituais de Sangue CD,Véu Negro,Antigos Rituais de Sangue,CD,
"Burial Moon – s/t 12"" CD",Burial Moon,"s/t 12""",CD,
Saatkrähe – Tous les enfants meurent CD,Saatkrähe,Tous les enfants meurent,CD,
Voëmmr – Negras sessões no abismo sul CD,Voëmmr,Negras sessões no abismo sul,CD,
Wampyric Rites – The Rites of the Vampire Inscriptions CD,Wampyric Rites,The Rites of the Vampire Inscriptions,CD,
Werewolf Bloodorder – The Rebirth of the Night and the Fog CD,Werewolf Bloodorder,The Rebirth of the Night and the Fog,CD,
Drowning the Light – Archaic Nocturnal Witchery CD,Drowning The Light,Archaic Nocturnal Witchery,CD,
Obsidian Grave – Blood of the Night CD,Obsidian Grave,Blood of the Night,CD,
Venymysgourvleydh / Collier d'Ombre – Split CD,Venymysgourvleydh / Collier d'Ombre,Split,CD,
Ynkleudherhenavogyon – Honan Bleydh II CD,Ynkleudherhenavogyon,Honan Bleydh II,CD,
Branikald – Varg Fjerne a Tornet CD,Branikald,Varg Fjerne a Tornet,CD,
Prieuré – Le Départ CD,Prieuré,Le Départ,CD,
Vorgfang – Skammens Stein CD,Vorgfang,Skammens Stein,CD,
Drowning the Light – Enslaved by the Cave CD,Drowning The Light,Enslaved by the Cave,CD,
Drowning the Light – Violet Mercury & Moonlit Sorcery CD,Drowning The Light,Violet Mercury & Moonlit Sorcery,CD,
Trest – Sorginak CD,Trest,Sorginak,CD,
"Anonymous Skull – Oh, to be Forgotten CD",Anonymous Skull,"Oh, to be Forgotten",CD,
Geolwe – Cicatrici Orribili (Veil of Razors) CD,Geolwe,Cicatrici Orribili (Veil of Razors),CD,
Deathcircle – Feast Upon the World of Illusions CD,Deathcircle,Feast Upon the World of Illusions,CD,
Nächtlich – Howling Depths Rehearsal CD,Nächtlich,Howling Depths Rehearsal,CD,
ldganger – Wanderer of Fiery Planes CD,ldganger,Wanderer of Fiery Planes,CD,
Drowning the Light – An Alignment of Dead Stars CD,Drowning The Light,An Alignment Of Dead Stars,CD,
Drowning the Light / Ghosts of Oceania – Mountain of Malevolence CD,Drowning the Light / Ghosts of Oceania,Mountain of Malevolence,CD,
Gauntlet Ring – The Howling Call of the Moon CD,Gauntlet Ring,The Howling Call of the Moon,CD,
Carved Cross – Untitled CD,Carved Cross,Untitled,CD,
Gryftigaen – Wurmwaldgaistoz CD,Gryftigaen,Wurmwaldgaistoz,CD,
Mantiel – Vestiges Engraved in Frozen Mysticism CD,Mantiel,Vestiges Engraved in Frozen Mysticism,CD,
Mantiel / Wampyric Rites – Ensomhet CD,Mantiel / Wampyric Rites,Ensomhet,CD,
Old Castles / Winterstorm – Split CD,Old Castles / Winterstorm,Split,CD,
Wampyric Rites / Moloch – Split CD,Wampyric Rites / Moloch,Split,CD,
Drowning the Light – Cursed Below the Waves CD,Drowning The Light,Cursed Below the Waves,CD,
Forgotten Kingdoms – Untrodden Paths Forever Winding CD,Forgotten Kingdoms,Untrodden Paths Forever Winding,CD,
Sorcier des Glaces – Sous la Lune Noire CD,Sorcier Des Glaces,Sous la Lune Noire,CD,
Sëht – Kenvassã Ejarmä Enva Valarãã CD,Sëht,Kenvassã Ejarmä Enva Valarãã,CD,
"Oppressive Descent – Spite is My Scepter, Blood is My Crown CD",Oppressive Descent,"Spite is My Scepter, Blood is My Crown",CD,
Drowning the Light – Haunter of the Deep CD,Drowning The Light,Haunter of the Deep,CD,
Drowning the Light – Lurker of the Void CD,Drowning The Light,Lurker of the Void,CD,
"Black Cilice – A Corpse, A Temple CD",Black Cilice,"A Corpse, A Temple",CD,
Black Cilice – Mysteries CD,Black Cilice,Mysteries,CD,
Black Cilice – Summoning the Night CD,Black Cilice,Summoning the Night,CD,
Mons Veneris – Inversados d'Um Abismo de Podridão Hardcover Digibook CD,Mons Veneris,Inversados d'Um Abismo de Podridão Hardcover Digibook,CD,
Spectral Corruption – Requiem CD,Spectral Corruption,Requiem,CD,
Drowning the Light – A World Long Dead CD,Drowning The Light,A World Long Dead,CD,
Emaciated by Christ – Fanisk CD,Emaciated by Christ,Fanisk,CD,
Vampyric Blood – Nosferatu Darkness... the Loveless Nights in Tavastia CD,Vampyric Blood,Nosferatu Darkness... the Loveless Nights in Tavastia,CD,
Drowning the Light – Of Celtic Blood & Satanic Pride CD,Drowning The Light,Of Celtic Blood & Satanic Pride,CD,
Ancestral Shadows – Eldritch Illumination CD,Ancestral Shadows,Eldritch Illumination,CD,
Drowning the Light – Catacombs of Blood CD,Drowning The Light,Catacombs of Blood,CD,
Drowning the Light – From the Abyss CD,Drowning The Light,From the Abyss,CD,
Armnatt – Immortal Nature CD,Armnatt,Immortal Nature,CD,
Wampyric Rites – The Wolves Howl to the Moon CD,Wampyric Rites,The Wolves Howl to the Moon,CD,
Lord Valtgryftake – Buried Under the Carved Runes CD,Lord Valtgryftake,Buried Under the Carved Runes,CD,
Trembling Void – The Burning Question CD,Trembling Void,The Burning Question,CD,
Klanen – Coerced Into Desolate Eternity CD,Klanen,Coerced Into Desolate Eternity,CD,
Sulphuric Night – Forever Cursed CD,Sulphuric Night,Forever Cursed,CD,
Drowning the Light – Oceans of Eternity CD,Drowning The Light,Oceans of Eternity,CD,
Graveland / Commander Agares – Split CD,Graveland / Commander Agares,Split,CD,
Abgrundjaskalkaz – Drunkiblōstrą A5 CD,Abgrundjaskalkaz,Drunkiblōstrą A5,CD,
Drowning the Light – Sacrifice for the Darkness CD,Drowning The Light,Sacrifice for the Darkness,CD,
Celestial Conjuration – Collection CD,Celestial Conjuration,Collection,CD,
Sic Itur Ad Astra – Malevolent Darkness that Lurks Between the Stars CD,Sic Itur Ad Astra,Malevolent Darkness that Lurks Between the Stars,CD,
Capel Beluah / Olkoth – Split CD,Capel Beluah / Olkoth,Split,CD,
Ancient Records – Demo Compilation Vol. III CD,Ancient Records,Demo Compilation Vol. III,CD,
Wampyric Rites / Nansarunai – The Astounding Proliferation of Rites CD,Wampyric Rites / Nansarunai,The Astounding Proliferation of Rites,CD,
V/A – Memories from the Fullmoon Forest of Melancholy CD,V/A,Memories from the Fullmoon Forest of Melancholy,CD,
Nächtlich / Grundhyrde ‎– Split CD,Nächtlich / Grundhyrde,Split,CD,
Drowning the Light – Dead Souls & Moonflares CD,Drowning The Light,Dead Souls & Moonflares,CD,
Drowning the Light – World Devourer CD,Drowning The Light,World Devourer,CD,
Abigor ‎– Totschläger (A Saintslayer's Songbook) Hardcover Mediabook CD,Abigor,Totschläger (A Saintslayer's Songbook) Hardcover Mediabook,CD,
Aiqëhahirit ‎– Rotten Chains of Tortuous Past CD,Aiqëhahirit,Rotten Chains of Tortuous Past,CD,
Funeral Altar – s/t CD,Funeral Altar,s/t,CD,
Moraš – Clandescent Ceremonies in Obeisance to the Unsung CD,Moraš,Clandescent Ceremonies in Obeisance to the Unsung,CD,
Drowning the Light – Through the Noose of Existence CD,Drowning The Light,Through the Noose of Existence,CD,
Varw – Wights of the Barrow Fume CD,Varw,Wights of the Barrow Fume,CD,
Revenant Marquis ‎– Youth in Ribbons CD,Revenant Marquis,Youth in Ribbons,CD,
Crucifixion Bell – Eternal Grip of the Nocturnal Empire CD,Crucifixion Bell,Eternal Grip of the Nocturnal Empire,CD,
Graveland ‎– Impaler's Wolves CD,Graveland,Impaler's Wolves,CD,
Revenant Marquis ‎– Below the Landsker Line CD,Revenant Marquis,Below the Landsker Line,CD,
"Dark Storm – Early Years – 12” LP + 7""",,,,
Overstock Vinyl,,,,
Ossaert – Offerdier 12”,,,,
La Garde Noire 2xLP,,,,
"Shades of Vrsaj'kett – Vengeful Spirit Black Metal 12"" EP",,,,
Noenum – Fiery Path 10”,,,,
"Weeping Coffin – F.B.I 10"" EP",,,,
Këkht Aräkh CDs & Tapes,,,,
$6 Tapes,,,,
Këkht Aräkh CDs & Tapes,,,,
$6 CDs,,,,
