[Blemish] Moonspell -Anno Satanae- Limited Vinyl LP,,,,
Discord Secret Bundle #1,,,,
Blastbeats Vinyl Gift Card,,,,
Draft product for testing,,,,
Drain LP,,,,
In The Woods... Diversum Sea Blue Colored Vinyl,,,,
Bloodbath -Grand Morbid Funeral Vinyl LP,,,,
Novembre Materia Double Vinyl LP (2LP),,,,
"SUFFOCATION 'BREEDING THE SPAWN' LP (Limited Edition, Import, Smoke Vinyl)",,,,
Killswitch Engage (20th Anniversary Split Colored Vinyl Record),,,,
"Bathory ""Blood Fire Death"" Vinyl LP (Official Pressing)",,,,
"Bathory ""Blood Fire Death"" Picture LP (Official Pressing)",,,,
