EMPEROR &#8211; In the Nightside Eclipse T-SHIRT,,,,
MUTIILATION &#8211; Black Metal Cult T-SHIRT,,,,
SARGEIST &#8211; Satanic Black Devotion T-SHIRT,,,,
MARDUK &#8211; Panzer Division Marduk T-SHIRT,,,,
DARK FURY &#8211; Shoot to Kill T-SHIRT WHITE,,,,
DARK FURY &#8211; Shoot to Kill T-SHIRT OLIVE,,,,
DEATHSPELL OMEGA &#8211; Logo T-SHIRT,,,,
LEVIATHAN &#8211; Howl Mockery at the Cross LONGSLEEVE SHIRT,,,,
LEVIATHAN &#8211; The Tenth Sub Level of Suicide T-SHIRT,,,,
WOTANORDEN &#8211; Summoning the Beast Within T-SHIRT,,,,
OHTAR &#8211; Emptiness T-SHIRT,,,,
HATE FOREST &#8211; Temple of the Great Eternal Night T-SHIRT,,,,
MUTIILATION &#8211; Vampires of Black Imperial Blood T-SHIRT,,,,
AZELSGARD &#8211; Under the Sign of the Black Wolf T-SHIRT,,,,
HOHL &#8211; Outlaw Black Metal T-SHIRT,,,,
AMSG &#8211; Cultist T-SHIRT,,,,
ATRA &#8211; Logo T-SHIRT,,,,
